delivery_id,order_id,delivery_dt,is_completed_flg
1,98929,2023-05-23,False
2,51229,2023-05-03,True
3,12295,2022-04-16,False
4,24511,2023-06-03,True
5,22832,2022-04-03,True
6,23597,2020-03-04,True
7,73112,2020-10-09,True
8,75360,2021-09-14,True
9,39252,2023-04-02,False
10,4149,2023-02-13,False
11,13708,2023-03-15,True
12,63645,2022-06-27,False
13,81198,2021-11-04,False
14,97899,2022-05-29,False
15,85092,2023-04-29,True
16,72941,2021-09-07,True
17,47041,2022-05-21,True
18,83095,2021-02-10,True
19,79586,2021-01-29,False
20,91401,2022-03-31,False
21,22566,2020-07-07,False
22,2705,2020-05-11,False
23,58783,2022-01-21,True
24,14626,2022-01-01,False
25,19314,2022-07-25,True
26,325,2022-01-09,True
27,13042,2020-09-19,True
28,77857,2020-09-06,False
29,27270,2021-01-12,True
30,49863,2021-06-10,True
31,21494,2021-01-29,True
32,48879,2022-07-11,False
33,47979,2020-05-02,False
34,55500,2021-04-26,False
35,7073,2022-02-12,False
36,36453,2022-05-14,True
37,99315,2020-10-08,True
38,81198,2021-11-07,False
39,52826,2020-10-03,True
40,40985,2022-01-16,False
41,20849,2022-10-15,False
42,17514,2022-05-07,True
43,88926,2021-05-17,True
44,1291,2020-06-09,True
45,17909,2020-03-31,False
46,32366,2022-03-24,False
47,77466,2020-12-24,True
48,56666,2023-01-04,True
49,59908,2022-02-19,False
50,35760,2021-06-03,True
51,48714,2021-02-11,True
52,45040,2021-05-19,False
53,85590,2022-01-22,True
54,56413,2021-01-09,False
55,30732,2021-08-23,False
56,74805,2020-05-18,False
57,83736,2020-05-30,True
58,63496,2023-05-09,False
59,10144,2022-07-02,True
60,52385,2020-02-23,True
61,85059,2020-09-19,True
62,28331,2020-07-21,False
63,85378,2021-04-08,True
64,51586,2023-06-11,False
65,27606,2023-03-14,False
66,12783,2022-09-02,False
67,71755,2022-07-13,False
68,9948,2022-11-02,False
69,50747,2022-04-24,False
70,81955,2021-12-14,True
71,88699,2020-05-07,True
72,33561,2020-07-24,False
73,96772,2023-03-01,False
74,11779,2020-06-20,False
75,37813,2022-06-24,True
76,59804,2020-08-31,True
77,49301,2022-06-13,True
78,67402,2023-03-03,False
79,57374,2021-11-25,True
80,21657,2020-08-19,True
81,99983,2022-01-17,True
82,26284,2023-05-03,True
83,54988,2023-03-13,False
84,44181,2021-05-11,True
85,50675,2022-10-13,True
86,64445,2022-03-28,True
87,78128,2022-06-14,True
88,80942,2023-03-26,False
89,47241,2022-01-03,True
90,54204,2020-06-07,False
91,57452,2022-09-20,False
92,95544,2022-10-17,False
93,22769,2021-08-22,False
94,57239,2021-11-08,True
95,90193,2021-11-06,False
96,55509,2022-02-17,True
97,15291,2020-12-26,True
98,1268,2020-12-21,False
99,64236,2020-10-10,False
100,96245,2021-05-05,False
101,27144,2021-10-30,False
102,50359,2022-11-18,False
103,51949,2020-12-17,False
104,94527,2022-09-12,True
105,80714,2020-03-20,True
106,66152,2022-10-04,True
107,5139,2022-07-17,True
108,38135,2022-04-21,True
109,2841,2022-11-03,False
110,7099,2020-09-07,True
111,25318,2022-09-30,False
112,47609,2020-02-17,True
113,53509,2020-06-21,True
114,81137,2022-08-02,False
115,91834,2022-10-22,False
116,83891,2021-06-25,False
117,40914,2022-10-29,False
118,86599,2022-05-02,False
119,43731,2022-04-19,False
120,92720,2020-03-25,True
121,78706,2020-10-14,False
122,5728,2021-01-07,False
123,40223,2020-04-24,False
124,87540,2020-05-08,False
125,59908,2022-01-30,False
126,92897,2021-06-18,True
127,68019,2022-10-21,False
128,64896,2021-05-27,False
129,92211,2022-03-25,True
130,39985,2022-04-15,False
131,64211,2020-06-22,False
132,78830,2020-06-05,True
133,82979,2022-09-05,True
134,72552,2020-09-28,True
135,965,2023-01-21,False
136,60779,2022-09-10,False
137,49560,2021-11-07,True
138,33942,2022-10-31,False
139,86014,2020-10-03,False
140,75130,2021-11-23,False
141,64581,2021-02-16,True
142,5178,2020-06-17,False
143,74376,2022-07-24,True
144,72271,2021-09-17,False
145,13580,2021-06-04,True
146,81137,2022-08-11,False
147,50365,2020-04-30,False
148,73530,2020-04-27,True
149,87268,2021-12-24,False
150,58265,2020-05-23,True
151,48644,2020-05-12,True
152,73977,2023-04-20,True
153,4833,2020-12-30,True
154,25289,2022-05-24,True
155,27561,2022-08-16,False
156,53116,2023-01-12,True
157,75084,2023-01-23,True
158,82385,2021-04-30,True
159,62106,2020-10-03,False
160,75130,2021-12-31,False
161,62923,2022-06-26,True
162,81277,2021-02-03,True
163,74471,2021-11-02,True
164,44941,2020-05-15,True
165,69021,2022-03-23,False
166,26653,2020-06-17,True
167,1857,2021-12-13,False
168,18741,2020-04-16,False
169,90226,2023-05-13,False
170,22108,2020-12-24,False
171,21210,2022-12-21,False
172,44479,2022-03-26,True
173,55351,2022-01-11,True
174,25966,2020-04-30,False
175,91605,2022-10-18,True
176,34041,2022-01-06,True
177,6716,2020-10-08,True
178,87513,2021-12-22,True
179,91950,2021-05-09,False
180,10382,2021-08-07,False
181,75553,2020-11-10,True
182,7971,2020-03-22,True
183,7009,2021-04-17,True
184,64548,2022-08-26,True
185,14626,2022-02-10,False
186,72575,2022-11-25,False
187,86311,2020-07-27,True
188,28414,2023-05-04,False
189,33549,2023-05-09,True
190,61149,2023-01-14,False
191,98075,2023-02-20,False
192,62122,2020-03-19,False
193,94925,2022-04-28,True
194,56103,2020-02-15,False
195,699,2021-05-05,True
196,51317,2022-02-22,False
197,42974,2020-12-23,True
198,66578,2022-04-26,False
199,67087,2022-06-20,False
200,85837,2021-07-14,False
201,51712,2020-10-05,True
202,58831,2022-02-08,True
203,72271,2021-09-26,True
204,93611,2020-12-15,False
205,87628,2020-04-24,True
206,60508,2020-12-09,False
207,39736,2023-04-26,False
208,23337,2021-12-02,True
209,9232,2023-04-13,True
210,28936,2021-04-27,False
211,36661,2021-10-04,False
212,90700,2021-11-09,True
213,6214,2022-05-16,False
214,10366,2020-12-14,True
215,62835,2022-05-19,False
216,64208,2023-04-02,False
217,69731,2023-05-09,False
218,33019,2022-10-07,False
219,38678,2023-03-02,False
220,40607,2021-02-09,False
221,40465,2020-05-10,True
222,50469,2020-05-13,True
223,4145,2021-11-19,False
224,43778,2022-06-05,False
225,84555,2022-04-20,False
226,25395,2022-04-04,True
227,38679,2021-10-22,False
228,2006,2021-04-21,True
229,823,2022-07-27,False
230,44228,2020-12-29,True
231,86278,2021-11-04,False
232,84581,2022-12-05,False
233,58265,2020-05-06,False
234,50388,2020-06-13,False
235,22173,2022-02-11,False
236,18809,2021-01-01,True
237,25169,2023-05-09,False
238,98133,2023-02-13,True
239,10366,2020-12-01,True
240,88926,2021-05-23,False
241,70003,2023-04-06,True
242,33765,2022-07-07,False
243,69015,2021-04-23,True
244,60750,2020-11-12,True
245,4798,2021-01-16,True
246,20945,2022-07-01,True
247,75535,2021-01-10,True
248,95704,2020-07-31,False
249,81463,2022-12-11,True
250,46026,2022-01-05,True
251,60830,2021-07-17,True
252,54988,2023-02-27,True
253,85079,2022-02-18,True
254,34711,2022-06-18,False
255,9672,2021-10-20,False
256,87461,2023-03-09,True
257,84310,2020-02-19,True
258,1634,2021-09-30,False
259,99662,2022-12-01,False
260,64792,2022-02-01,False
261,23103,2020-12-04,False
262,4875,2022-05-02,False
263,73488,2021-06-03,False
264,19340,2020-12-25,True
265,40714,2023-06-20,True
266,87479,2020-08-01,False
267,22866,2021-02-18,True
268,68704,2023-02-20,True
269,22108,2021-01-19,False
270,75172,2020-09-07,True
271,67998,2020-06-06,True
272,63343,2021-07-21,False
273,72763,2022-11-30,True
274,20340,2022-11-10,True
275,93034,2020-09-25,True
276,29334,2021-01-28,True
277,76033,2020-02-23,False
278,33973,2023-04-01,False
279,51275,2020-09-24,False
280,58783,2022-01-16,False
281,47641,2022-04-04,True
282,52657,2022-06-24,True
283,43781,2020-08-24,True
284,8979,2021-11-19,False
285,39252,2023-05-07,False
286,93587,2021-11-04,True
287,51541,2022-01-20,True
288,44088,2021-09-02,True
289,61745,2023-03-27,True
290,52435,2022-02-11,False
291,74126,2021-05-12,True
292,33363,2020-04-16,True
293,18828,2022-01-16,True
294,30346,2022-12-23,False
295,59505,2023-06-06,False
296,52460,2023-02-25,False
297,78413,2020-03-02,False
298,38880,2020-03-01,True
299,24212,2022-03-30,False
300,8645,2021-11-04,True
301,65982,2020-12-09,False
302,98162,2020-12-26,False
303,77633,2020-05-21,True
304,33816,2021-01-26,True
305,24378,2021-01-08,True
306,33351,2022-08-21,False
307,62975,2020-09-05,True
308,5941,2023-01-17,True
309,80351,2023-02-01,True
310,86899,2022-07-04,False
311,80871,2022-06-18,False
312,13599,2023-05-11,True
313,67516,2022-05-25,True
314,17306,2022-10-08,False
315,36453,2022-05-16,False
316,22063,2021-01-22,False
317,34678,2021-01-03,True
318,85837,2021-06-24,True
319,30974,2020-08-31,True
320,28561,2020-08-24,False
321,63592,2022-08-27,True
322,77897,2022-12-12,True
323,84667,2021-11-04,False
324,27901,2020-05-13,True
325,38423,2020-08-30,True
326,22481,2022-09-21,False
327,89374,2022-09-10,True
328,47169,2021-01-17,False
329,87,2020-04-26,True
330,87694,2020-10-06,False
331,48667,2022-06-25,True
332,75752,2021-08-02,False
333,17287,2021-01-19,True
334,16290,2020-11-14,False
335,30764,2022-01-26,True
336,83891,2021-07-09,False
337,1055,2022-08-01,False
338,771,2022-11-20,True
339,95175,2021-09-19,True
340,46868,2021-10-22,True
341,25901,2020-12-10,True
342,25724,2021-05-12,False
343,74574,2022-09-14,False
344,39868,2023-03-17,True
345,45264,2020-07-19,False
346,30165,2021-11-02,True
347,92255,2021-06-25,True
348,34685,2023-02-08,False
349,33180,2021-09-01,False
350,44626,2023-05-05,True
351,32986,2021-09-24,True
352,50972,2023-01-09,True
353,31910,2022-09-18,False
354,58831,2022-02-17,True
355,51949,2020-12-20,False
356,23103,2020-11-16,False
357,21387,2023-02-10,False
358,76769,2020-11-11,True
359,33566,2023-05-09,False
360,98703,2020-12-28,True
361,87023,2022-07-21,True
362,14168,2022-06-27,True
363,65982,2020-10-16,False
364,35924,2023-03-03,True
365,9488,2021-11-23,True
366,98382,2021-04-22,False
367,34030,2021-09-23,True
368,52878,2022-07-02,False
369,63920,2023-03-26,False
370,94398,2021-09-30,True
371,88849,2020-08-10,True
372,97497,2023-04-11,True
373,31662,2020-12-13,False
374,82453,2021-03-14,True
375,30292,2021-10-05,False
376,39926,2023-03-07,True
377,50671,2023-02-19,False
378,38180,2021-06-21,False
379,38655,2021-03-23,False
380,74125,2022-02-28,False
381,82663,2021-05-26,False
382,95118,2021-11-08,False
383,74069,2022-03-03,False
384,56371,2023-01-14,True
385,7778,2022-01-29,False
386,59868,2023-05-04,True
387,71166,2021-11-09,True
388,57127,2022-07-22,False
389,49286,2021-02-15,False
390,95903,2022-06-24,False
391,89626,2022-07-10,True
392,769,2020-08-03,False
393,38484,2022-07-07,True
394,37552,2020-03-30,False
395,50677,2023-03-03,True
396,34768,2021-07-19,True
397,82042,2021-03-10,False
398,27814,2022-11-15,False
399,66390,2021-06-07,False
400,3235,2020-10-11,True
401,10149,2020-10-09,True
402,64236,2020-10-14,True
403,88089,2022-08-24,True
404,44536,2022-08-20,True
405,88918,2020-06-01,True
406,22507,2021-11-19,True
407,81087,2022-01-30,False
408,89120,2021-05-24,False
409,14422,2022-05-11,True
410,22327,2020-09-23,True
411,64445,2022-03-11,False
412,31517,2020-01-30,True
413,65354,2022-01-24,False
414,70691,2022-07-19,False
415,22687,2022-05-22,True
416,86685,2021-08-31,True
417,33606,2022-09-12,False
418,34711,2022-07-16,True
419,13029,2023-01-09,True
420,87400,2020-09-11,True
421,42617,2023-01-24,True
422,58872,2020-03-05,False
423,96999,2020-02-09,False
424,18031,2022-12-12,True
425,55852,2021-01-29,False
426,46678,2022-12-28,False
427,14452,2022-12-20,False
428,96343,2020-05-15,False
429,70004,2020-10-11,False
430,3839,2021-05-18,True
431,33799,2020-05-14,False
432,47336,2022-09-20,True
433,59236,2020-08-23,False
434,16675,2020-12-10,True
435,8917,2022-08-27,False
436,87261,2022-12-31,False
437,59236,2020-08-29,True
438,21398,2022-12-03,False
439,43613,2022-07-27,True
440,77857,2020-07-12,True
441,34525,2022-12-20,True
442,53267,2022-02-07,False
443,29474,2021-06-08,True
444,16179,2021-08-03,False
445,78097,2021-04-13,False
446,57944,2023-05-25,False
447,18809,2020-12-04,False
448,2702,2020-11-19,False
449,47706,2021-01-22,True
450,7513,2020-06-07,False
451,48693,2023-06-05,False
452,57036,2021-12-21,True
453,11422,2020-12-17,True
454,65345,2023-02-11,True
455,62961,2023-03-12,True
456,50359,2022-11-13,True
457,17638,2020-11-22,False
458,77849,2021-01-01,False
459,43778,2022-06-05,False
460,62123,2021-03-12,True
461,69809,2021-02-18,False
462,6715,2021-12-31,False
463,25746,2021-10-02,True
464,55249,2021-01-22,True
465,33017,2021-01-21,True
466,87448,2021-10-07,True
467,68704,2023-03-09,False
468,5427,2021-03-02,True
469,29144,2021-06-19,True
470,96899,2022-10-12,False
471,51378,2020-04-02,False
472,66882,2021-01-30,True
473,72747,2022-05-22,True
474,7073,2022-01-15,True
475,62955,2022-01-10,True
476,4916,2022-10-29,False
477,44460,2022-01-01,True
478,9114,2021-01-12,True
479,58378,2021-04-20,True
480,24511,2023-05-06,True
481,5787,2020-06-20,False
482,20228,2021-07-21,True
483,18426,2020-01-31,False
484,184,2020-10-12,True
485,90309,2020-07-29,True
486,59804,2020-09-20,True
487,3983,2021-01-28,False
488,4131,2022-01-24,True
489,59329,2023-04-02,True
490,95229,2022-10-29,False
491,83556,2021-09-18,False
492,87339,2022-11-02,True
493,92211,2022-04-25,True
494,24543,2022-06-27,True
495,69332,2020-12-04,True
496,86599,2022-05-03,True
497,97,2021-06-06,True
498,9488,2021-12-17,False
499,54754,2023-04-18,False
500,82183,2022-07-14,False
501,33738,2022-05-15,False
502,53264,2021-02-25,False
503,67470,2022-03-06,True
504,94733,2020-05-04,True
505,24475,2021-11-15,True
506,63734,2020-08-29,False
507,55100,2020-11-11,True
508,55050,2022-12-21,False
509,3493,2022-05-24,False
510,48565,2021-06-22,True
511,87992,2020-08-03,True
512,89484,2021-01-06,True
513,73596,2020-05-11,False
514,3414,2020-05-17,False
515,39894,2022-11-04,True
516,96223,2020-03-13,False
517,32171,2021-02-16,False
518,25990,2021-06-15,False
519,41736,2021-11-22,False
520,35276,2023-05-22,True
521,25746,2021-08-26,True
522,87563,2020-06-25,False
523,76646,2022-08-24,True
524,27981,2022-01-29,True
525,69916,2020-12-01,False
526,88623,2023-01-28,True
527,57579,2020-05-16,True
528,72980,2020-09-02,True
529,70903,2021-10-25,True
530,73576,2022-08-21,True
531,74126,2021-05-10,True
532,47169,2021-02-17,False
533,47608,2022-10-17,False
534,97497,2023-04-16,False
535,43015,2021-12-02,True
536,93611,2020-12-05,False
537,40058,2021-07-15,True
538,86016,2020-04-21,False
539,21266,2020-08-01,True
540,91189,2023-01-02,False
541,85122,2021-01-13,False
542,78128,2022-05-07,False
543,6039,2020-09-05,True
544,12004,2022-08-23,True
545,2782,2021-02-22,True
546,76203,2020-05-21,False
547,39253,2022-10-24,False
548,20884,2021-11-19,True
549,45215,2021-10-15,False
550,27399,2020-07-16,False
551,95832,2022-05-03,True
552,66578,2022-04-19,False
553,48572,2023-03-08,False
554,96553,2020-08-24,True
555,80134,2022-09-26,False
556,12229,2022-01-06,False
557,30729,2022-10-28,False
558,37127,2021-10-12,True
559,14489,2021-02-07,True
560,68980,2021-10-30,False
561,56657,2023-03-30,True
562,50326,2023-05-01,False
563,62368,2020-11-07,True
564,43449,2023-05-10,False
565,22457,2021-01-13,False
566,16525,2021-08-14,True
567,45342,2022-08-07,False
568,51229,2023-04-02,False
569,39273,2021-12-09,True
570,68161,2022-03-31,True
571,37002,2021-07-01,True
572,14950,2021-03-28,True
573,4770,2021-07-22,False
574,54889,2022-06-22,True
575,55249,2021-01-05,True
576,65801,2023-04-25,False
577,37120,2020-04-13,True
578,32527,2022-07-26,True
579,56203,2023-03-08,False
580,98962,2021-03-11,False
581,24594,2022-11-02,True
582,58133,2022-10-26,False
583,15891,2020-08-23,False
584,8488,2021-04-02,True
585,31230,2021-02-10,True
586,4505,2022-12-20,False
587,96710,2021-02-21,True
588,78093,2023-05-05,True
589,19576,2021-05-12,True
590,17782,2020-04-04,True
591,80304,2021-02-19,False
592,32862,2022-09-27,False
593,14194,2020-04-13,False
594,75351,2022-12-12,True
595,65403,2020-05-24,True
596,42955,2021-12-07,False
597,27270,2021-02-16,False
598,49025,2022-09-03,True
599,83665,2020-11-24,True
600,14385,2021-02-16,True
601,77003,2022-09-22,True
602,3166,2021-04-21,False
603,3512,2023-03-06,True
604,95455,2023-05-15,False
605,59804,2020-09-12,False
606,78982,2022-12-03,False
607,3341,2020-01-27,False
608,58745,2022-08-06,True
609,9863,2022-05-08,True
610,40394,2021-11-01,False
611,58378,2021-04-15,False
612,52341,2021-08-12,True
613,18465,2021-01-16,True
614,109,2022-11-03,True
615,8686,2022-12-01,True
616,45346,2022-07-30,False
617,95450,2022-10-14,False
618,39953,2022-08-20,True
619,22088,2021-10-12,True
620,2782,2021-01-22,False
621,48983,2022-08-05,False
622,61220,2021-06-12,False
623,94925,2022-05-18,False
624,88576,2023-04-27,True
625,38758,2022-12-23,False
626,70912,2021-04-13,False
627,71817,2022-01-13,True
628,39926,2023-03-02,True
629,3693,2021-02-16,False
630,46678,2022-12-14,False
631,31452,2022-03-12,False
632,39953,2022-09-18,True
633,86988,2020-09-09,False
634,20363,2023-04-15,True
635,105,2021-11-23,False
636,8764,2020-11-26,False
637,63240,2020-10-31,False
638,65801,2023-05-04,True
639,66777,2020-11-24,True
640,77856,2021-02-24,False
641,77673,2020-08-14,True
642,88752,2020-11-04,False
643,49872,2021-06-21,True
644,71385,2020-03-15,True
645,88089,2022-09-16,False
646,3341,2020-01-26,True
647,40480,2020-06-24,False
648,96319,2020-09-05,False
649,16525,2021-08-06,True
650,932,2022-07-24,True
651,30292,2021-10-25,True
652,16837,2020-08-29,False
653,93727,2023-05-05,False
654,63240,2020-10-23,True
655,22846,2020-10-14,True
656,90050,2022-12-08,False
657,19029,2020-03-16,True
658,12027,2023-03-27,True
659,771,2022-11-25,False
660,83207,2021-05-26,True
661,65410,2021-06-16,False
662,73771,2020-08-13,True
663,48565,2021-07-08,False
664,59246,2022-06-01,False
665,21563,2020-07-12,True
666,61767,2020-03-14,True
667,87540,2020-05-22,True
668,54610,2021-08-19,False
669,43650,2022-06-24,True
670,95118,2021-11-25,False
671,91605,2022-09-07,True
672,64811,2021-10-25,True
673,97326,2022-06-14,False
674,10421,2020-07-25,False
675,59654,2021-03-21,False
676,59752,2022-12-07,True
677,3906,2021-04-01,True
678,5877,2022-11-20,False
679,57794,2021-11-07,True
680,96188,2021-05-30,True
681,48253,2020-03-05,False
682,10144,2022-08-14,False
683,99177,2021-02-17,False
684,38694,2023-01-24,False
685,70898,2021-12-18,True
686,94569,2021-01-21,False
687,18703,2023-03-09,False
688,93498,2020-08-19,False
689,16515,2020-02-19,False
690,75351,2022-12-12,True
691,47945,2020-09-09,False
692,932,2022-08-04,True
693,75775,2021-08-31,False
694,96348,2020-09-14,False
695,34768,2021-06-17,True
696,74062,2023-01-19,False
697,83092,2022-12-18,True
698,85867,2020-06-17,False
699,46316,2021-11-10,False
700,42323,2020-08-03,False
701,88731,2022-11-04,True
702,19788,2021-12-31,True
703,27523,2021-09-27,True
704,34895,2021-12-15,False
705,14422,2022-04-22,True
706,772,2020-07-30,False
707,65271,2020-08-13,False
708,52422,2021-08-28,True
709,12850,2020-10-14,True
710,65068,2020-03-16,False
711,79102,2022-08-04,True
712,53797,2020-08-07,True
713,89009,2020-02-28,False
714,62972,2022-05-17,True
715,83583,2020-10-17,True
716,35885,2020-07-27,False
717,16081,2022-12-13,True
718,97,2021-05-29,False
719,4945,2021-07-11,False
720,56374,2022-10-22,True
721,19817,2021-01-28,False
722,62975,2020-08-04,True
723,37593,2022-06-12,True
724,22500,2022-03-30,True
725,92688,2022-05-26,False
726,59820,2021-06-06,False
727,70207,2020-03-29,False
728,70003,2023-05-09,False
729,31122,2020-02-24,True
730,22207,2021-08-01,False
731,21033,2022-04-09,False
732,81158,2021-06-06,True
733,44088,2021-10-01,True
734,35401,2021-04-21,True
735,74762,2021-06-16,True
736,14915,2022-06-16,False
737,64082,2020-04-21,True
738,22173,2022-03-12,True
739,87879,2023-02-02,False
740,97326,2022-06-08,False
741,48714,2021-03-21,True
742,60160,2020-11-04,True
743,13877,2022-05-08,True
744,92687,2022-08-06,True
745,95450,2022-11-02,False
746,1268,2020-12-24,True
747,71920,2020-06-18,False
748,39104,2023-02-13,True
749,2433,2021-05-30,True
750,51304,2022-12-13,True
751,29334,2021-01-07,True
752,85059,2020-09-07,True
753,94819,2023-05-19,True
754,20371,2022-12-09,True
755,50998,2021-10-10,False
756,65410,2021-05-03,False
757,92897,2021-05-27,False
758,30891,2021-06-10,False
759,6600,2022-07-21,True
760,11215,2020-07-13,True
761,82183,2022-07-06,True
762,68587,2023-02-10,False
763,4875,2022-05-18,False
764,63359,2020-03-18,False
765,2782,2021-03-07,False
766,6640,2020-03-11,False
767,81303,2021-10-19,True
768,52377,2023-04-22,True
769,66214,2021-03-24,False
770,46868,2021-10-06,True
771,723,2021-04-27,True
772,93048,2023-01-17,False
773,10503,2023-04-18,False
774,87879,2023-02-14,True
775,24543,2022-07-17,False
776,16417,2021-04-09,True
777,48835,2022-01-27,False
778,20724,2020-08-16,False
779,13780,2022-12-03,False
780,2702,2020-10-31,False
781,38578,2020-08-16,True
782,52435,2022-01-26,True
783,16730,2020-09-02,False
784,18048,2022-12-25,True
785,16898,2023-01-18,True
786,48448,2022-04-27,False
787,18648,2020-06-15,True
788,84381,2022-05-31,False
789,66425,2022-08-25,True
790,45706,2022-10-11,True
791,77516,2022-05-21,False
792,50179,2021-07-17,False
793,4145,2021-11-08,False
794,75981,2020-01-30,False
795,76140,2020-10-21,True
796,17514,2022-05-12,False
797,92975,2020-11-02,False
798,30291,2022-05-19,False
799,1696,2021-07-29,True
800,76829,2022-06-02,False
801,20884,2021-11-10,False
802,17389,2020-09-19,False
803,5710,2021-06-21,True
804,52460,2023-04-05,False
805,72847,2020-04-20,True
806,27019,2021-01-20,True
807,24909,2022-03-19,True
808,65354,2022-02-18,True
809,19782,2020-07-18,False
810,79297,2020-04-02,True
811,32423,2020-06-27,False
812,33566,2023-05-28,True
813,6776,2020-05-17,True
814,93337,2022-07-03,False
815,80911,2021-07-08,False
816,33973,2023-03-17,False
817,52878,2022-07-15,False
818,48737,2020-12-10,False
819,20015,2020-02-27,False
820,31227,2020-04-05,False
821,284,2023-02-18,True
822,93632,2022-06-03,False
823,95210,2022-02-20,True
824,8979,2021-11-15,True
825,73251,2021-06-17,True
826,7412,2021-09-18,True
827,48693,2023-06-02,False
828,89014,2020-02-28,False
829,51885,2021-07-10,True
830,42411,2022-01-02,False
831,16237,2021-10-28,False
832,6510,2020-08-30,False
833,63343,2021-08-06,True
834,22866,2021-02-19,False
835,87493,2023-03-12,True
836,99381,2022-10-30,True
837,93699,2022-01-08,False
838,44608,2022-12-27,True
839,25757,2020-10-05,False
840,16837,2020-08-21,False
841,98129,2021-12-17,True
842,30075,2020-06-17,True
843,72747,2022-06-07,False
844,1585,2022-05-11,True
845,66948,2022-08-03,False
846,27814,2022-12-27,True
847,33561,2020-07-09,True
848,12820,2020-10-13,True
849,15470,2022-01-12,False
850,97767,2020-12-30,False
851,99574,2021-09-24,False
852,94527,2022-09-03,True
853,33969,2022-05-03,True
854,43449,2023-06-08,False
855,96553,2020-08-15,False
856,29393,2020-09-23,True
857,39863,2021-07-01,False
858,33566,2023-04-23,False
859,68299,2022-03-05,True
860,21518,2022-11-12,True
861,63544,2020-12-15,True
862,92897,2021-06-22,True
863,98200,2022-09-20,False
864,39659,2021-11-10,True
865,94925,2022-04-23,False
866,57901,2023-04-26,True
867,7967,2021-09-16,True
868,44712,2021-05-04,True
869,96991,2021-08-16,False
870,17198,2022-03-31,True
871,17123,2020-03-04,False
872,9081,2021-02-18,False
873,88144,2020-10-13,True
874,21033,2022-05-25,False
875,68980,2021-11-08,False
876,2410,2021-08-08,True
877,48959,2023-04-26,False
878,68587,2023-02-02,True
879,6715,2022-01-04,True
880,85858,2020-12-24,True
881,68189,2020-05-31,False
882,15192,2023-01-17,True
883,86045,2021-07-20,True
884,73980,2022-01-20,False
885,72941,2021-10-14,True
886,95450,2022-10-13,False
887,19817,2020-12-22,False
888,94527,2022-09-11,False
889,96710,2021-03-01,True
890,74423,2022-10-31,True
891,17287,2020-12-05,False
892,88135,2021-11-09,False
893,53116,2023-01-25,True
894,1694,2022-12-19,False
895,3493,2022-05-08,False
896,53958,2023-04-21,False
897,46316,2021-10-26,False
898,9976,2022-03-22,True
899,9948,2022-10-31,False
900,6020,2022-08-15,False
901,75775,2021-09-02,True
902,24676,2022-09-27,False
903,38175,2021-05-16,False
904,50017,2022-11-18,True
905,2514,2023-04-17,False
906,34777,2020-07-31,True
907,74355,2021-09-18,True
908,21563,2020-07-17,True
909,39083,2020-10-25,False
910,92836,2021-10-23,False
911,70712,2021-02-11,True
912,40160,2021-12-20,True
913,73073,2023-01-21,True
914,27939,2020-07-17,False
915,47964,2021-09-22,True
916,22481,2022-09-23,False
917,49154,2021-09-08,False
918,34525,2022-12-09,True
919,22449,2020-03-16,True
920,58059,2021-02-20,True
921,27415,2022-06-01,True
922,6169,2021-04-18,False
923,49643,2022-01-10,True
924,86045,2021-07-05,False
925,33765,2022-07-16,True
926,32918,2022-05-28,True
927,4903,2023-03-14,True
928,16493,2021-01-27,False
929,40387,2021-09-17,False
930,34678,2021-01-04,True
931,49863,2021-05-22,True
932,93090,2021-07-19,True
933,89694,2021-02-18,False
934,13877,2022-04-19,False
935,80911,2021-08-01,True
936,87587,2022-04-21,True
937,49112,2022-09-06,True
938,25757,2020-10-19,False
939,72271,2021-10-18,True
940,9661,2022-08-30,True
941,49683,2023-01-06,False
942,4639,2021-08-23,False
943,20964,2022-10-14,False
944,7016,2020-12-09,False
945,45392,2020-09-21,False
946,87479,2020-07-20,True
947,53116,2023-01-12,False
948,73609,2021-08-30,True
949,79920,2023-04-20,False
950,31910,2022-09-18,True
951,90771,2020-07-02,False
952,22687,2022-06-10,False
953,98832,2022-11-23,False
954,16790,2021-11-11,False
955,3872,2023-06-04,True
956,44480,2022-07-04,True
957,82663,2021-07-08,False
958,56817,2022-11-17,True
959,13877,2022-05-20,True
960,56666,2022-12-31,True
961,91834,2022-10-25,True
962,66320,2023-01-23,True
963,18994,2021-10-05,True
964,22094,2021-10-15,True
965,36011,2021-12-22,True
966,22296,2020-07-08,False
967,66841,2023-01-01,False
968,3983,2021-01-10,True
969,68559,2021-04-21,True
970,6268,2020-04-16,False
971,39863,2021-06-08,False
972,32050,2022-06-08,False
973,80300,2021-01-23,True
974,68807,2023-04-10,True
975,41944,2021-10-11,False
976,14150,2020-10-31,True
977,50176,2021-10-17,True
978,32659,2021-11-09,True
979,3603,2022-08-04,True
980,73067,2021-05-13,False
981,72401,2023-03-14,True
982,71474,2020-10-15,True
983,79413,2022-07-13,True
984,33619,2022-05-01,True
985,7073,2022-01-06,False
986,34232,2021-07-13,True
987,32932,2021-08-19,False
988,91283,2022-03-13,True
989,87218,2021-07-17,False
990,15556,2021-10-14,False
991,53797,2020-07-09,False
992,32681,2022-12-03,False
993,10014,2023-05-03,False
994,93699,2022-02-06,True
995,80178,2023-01-01,False
996,82979,2022-09-09,False
997,30966,2021-10-19,False
998,10382,2021-08-05,False
999,40453,2020-08-18,True
1000,27030,2020-08-03,False
1001,99574,2021-10-21,False
1002,62961,2023-03-20,False
1003,20371,2022-12-03,False
1004,73980,2022-02-11,False
1005,4365,2023-05-04,True
1006,99983,2021-12-24,True
1007,94871,2021-09-17,True
1008,16837,2020-09-03,False
1009,18648,2020-06-20,False
1010,51317,2022-02-21,True
1011,39224,2022-07-22,False
1012,5386,2022-09-20,True
1013,33919,2021-04-26,False
1014,40465,2020-05-08,True
1015,73440,2022-08-20,True
1016,64007,2021-08-22,False
1017,2735,2023-02-04,True
1018,39693,2021-04-24,False
1019,26011,2020-11-30,True
1020,12011,2023-03-17,False
1021,71202,2021-03-04,False
1022,85079,2022-03-26,False
1023,87493,2023-02-19,True
1024,26125,2022-08-16,True
1025,55050,2022-11-09,False
1026,83665,2020-12-23,False
1027,11354,2021-12-29,True
1028,59389,2020-12-02,True
1029,85612,2020-11-27,False
1030,54131,2022-09-24,False
1031,8243,2022-04-26,True
1032,77003,2022-11-14,False
1033,7631,2021-10-24,False
1034,13408,2022-10-30,False
1035,12104,2020-12-31,False
1036,66386,2023-01-28,True
1037,29795,2021-07-01,False
1038,79393,2022-10-10,False
1039,80503,2023-05-02,False
1040,5673,2022-03-17,True
1041,36490,2022-08-20,True
1042,99043,2020-06-02,False
1043,26289,2021-01-27,False
1044,96865,2022-12-30,False
1045,14470,2022-06-09,False
1046,9489,2022-03-18,True
1047,33363,2020-03-16,False
1048,95118,2021-12-23,True
1049,4166,2022-12-17,False
1050,57579,2020-06-17,False
1051,41736,2021-12-13,False
1052,87023,2022-08-15,True
1053,35609,2023-04-15,False
1054,43613,2022-07-24,False
1055,57769,2021-12-17,False
1056,30931,2020-08-30,False
1057,73609,2021-09-13,True
1058,56430,2022-05-02,True
1059,12055,2022-10-23,False
1060,8728,2021-03-25,True
1061,58783,2022-01-03,False
1062,83240,2021-01-23,False
1063,68399,2021-09-01,True
1064,60943,2023-04-08,True
1065,56069,2020-03-09,True
1066,58814,2022-01-08,True
1067,30253,2021-06-05,True
1068,17972,2020-09-12,False
1069,6020,2022-06-23,True
1070,47386,2022-11-23,False
1071,99969,2022-09-03,True
1072,22846,2020-11-12,True
1073,29334,2021-02-17,True
1074,15515,2022-10-19,False
1075,70555,2021-02-04,True
1076,63868,2022-11-11,True
1077,17713,2022-05-03,True
1078,49225,2021-03-02,False
1079,7099,2020-09-12,True
1080,53797,2020-08-21,True
1081,57239,2021-11-16,True
1082,50301,2020-09-05,True
1083,93753,2021-07-29,True
1084,25469,2021-03-17,False
1085,97899,2022-06-16,True
1086,57842,2020-11-24,True
1087,25276,2022-08-15,True
1088,39116,2023-04-29,False
1089,49876,2020-11-06,True
1090,9863,2022-04-28,True
1091,93839,2021-12-08,False
1092,45544,2020-09-12,False
1093,56303,2022-02-09,True
1094,46970,2021-10-10,True
1095,96865,2022-12-13,True
1096,78383,2020-12-23,True
1097,9672,2021-09-27,True
1098,59752,2022-12-29,True
1099,69714,2021-01-13,False
1100,27144,2021-12-10,True
1101,5251,2021-01-25,True
1102,64541,2020-03-05,False
1103,86988,2020-09-21,False
1104,24475,2021-09-28,False
1105,25169,2023-05-27,False
1106,30254,2022-08-30,False
1107,35916,2020-03-21,True
1108,61736,2020-07-21,True
1109,25811,2020-05-14,False
1110,79692,2021-09-30,False
1111,86690,2022-06-17,False
1112,22094,2021-11-16,True
1113,65311,2022-02-27,True
1114,40333,2022-09-23,True
1115,75540,2022-06-14,True
1116,33019,2022-11-18,False
1117,49286,2021-01-31,True
1118,67818,2023-05-01,True
1119,86356,2021-04-13,False
1120,26995,2021-07-13,False
1121,4903,2023-03-02,False
1122,94753,2023-01-13,False
1123,57916,2022-10-11,False
1124,27649,2020-08-15,False
1125,63359,2020-04-03,True
1126,9787,2020-11-14,False
1127,58831,2022-02-18,True
1128,86311,2020-06-16,False
1129,9072,2021-12-24,False
1130,21210,2022-11-27,True
1131,60750,2020-11-10,True
1132,20371,2022-12-05,False
1133,29276,2021-02-24,False
1134,44132,2021-04-23,False
1135,53343,2020-08-30,False
1136,37552,2020-02-21,False
1137,15733,2020-07-30,False
1138,78021,2021-04-15,False
1139,26225,2023-01-31,True
1140,932,2022-08-23,False
1141,27030,2020-07-12,True
1142,93632,2022-05-15,False
1143,15232,2020-07-15,False
1144,62972,2022-06-16,True
1145,51448,2023-06-07,True
1146,66948,2022-07-20,False
1147,27981,2022-03-07,False
1148,99465,2020-08-09,False
1149,6079,2020-12-06,True
1150,12073,2021-11-24,False
1151,89880,2020-11-26,True
1152,4833,2021-01-07,False
1153,60470,2020-11-20,True
1154,79025,2022-01-11,False
1155,35077,2023-04-19,False
1156,18436,2023-01-21,True
1157,53343,2020-07-11,True
1158,86311,2020-06-17,False
1159,51030,2020-02-25,True
1160,47443,2023-05-26,False
1161,181,2020-04-30,True
1162,34678,2020-12-31,False
1163,6268,2020-05-09,False
1164,65760,2021-02-01,False
1165,98138,2022-09-27,False
1166,16898,2023-01-11,False
1167,42617,2023-01-01,True
1168,7412,2021-09-08,True
1169,84013,2021-01-01,True
1170,42051,2023-02-26,False
1171,96245,2021-04-27,False
1172,81067,2020-07-20,True
1173,41482,2021-11-22,True
1174,24356,2020-03-07,False
1175,27728,2020-05-16,False
1176,2514,2023-04-22,False
1177,13799,2023-02-14,False
1178,85612,2020-11-28,False
1179,62846,2022-09-25,True
1180,33351,2022-09-24,True
1181,62975,2020-09-16,False
1182,21398,2022-10-27,False
1183,84842,2022-12-23,True
1184,58562,2021-03-17,False
1185,63380,2021-11-21,True
1186,22296,2020-08-11,False
1187,29489,2022-04-08,False
1188,12113,2020-12-15,True
1189,41016,2023-05-03,True
1190,9488,2022-01-02,True
1191,10389,2022-06-17,False
1192,50046,2020-09-12,False
1193,63796,2020-09-09,True
1194,43256,2021-01-19,False
1195,43778,2022-07-08,True
1196,89680,2020-01-28,False
1197,23124,2022-08-16,False
1198,69332,2020-10-18,True
1199,46678,2022-12-09,True
1200,77826,2021-06-22,True
1201,79365,2021-10-29,True
1202,7953,2021-01-23,False
1203,48023,2021-11-20,True
1204,87461,2023-05-01,True
1205,66465,2022-09-12,True
1206,38957,2021-03-05,False
1207,771,2022-10-26,True
1208,92593,2021-05-26,False
1209,39252,2023-05-24,True
1210,22846,2020-11-18,True
1211,85516,2021-12-09,True
1212,60158,2022-03-07,False
1213,58516,2020-07-25,False
1214,39863,2021-06-04,True
1215,74762,2021-06-08,True
1216,19936,2023-04-27,True
1217,75533,2020-03-10,True
1218,84624,2022-01-19,True
1219,77483,2023-04-26,False
1220,91419,2022-04-23,True
1221,48644,2020-06-18,True
1222,81695,2023-05-21,True
1223,53958,2023-05-25,False
1224,96245,2021-04-15,True
1225,71355,2021-03-16,True
1226,96664,2022-04-28,True
1227,53116,2022-12-25,False
1228,67201,2023-02-16,True
1229,34711,2022-07-26,False
1230,54610,2021-08-21,False
1231,23356,2020-05-01,True
1232,84842,2023-01-30,False
1233,93337,2022-05-28,True
1234,6795,2020-07-08,False
1235,85122,2020-12-17,False
1236,73440,2022-09-24,False
1237,80351,2023-03-23,True
1238,79920,2023-05-17,False
1239,63773,2022-11-09,False
1240,18162,2020-08-23,False
1241,99983,2022-01-04,True
1242,56797,2021-02-25,True
1243,23116,2021-07-05,False
1244,54683,2021-12-11,True
1245,43793,2023-05-31,True
1246,33479,2021-07-14,False
1247,83369,2021-09-04,True
1248,85498,2020-05-02,False
1249,39895,2022-02-05,False
1250,86448,2021-08-07,True
1251,63326,2022-06-14,False
1252,45085,2022-10-10,True
1253,56666,2022-12-27,False
1254,94753,2023-01-20,False
1255,9948,2022-11-15,True
1256,72747,2022-05-25,True
1257,44381,2022-08-08,False
1258,37593,2022-06-28,False
1259,27939,2020-06-24,False
1260,91834,2022-10-30,False
1261,97838,2021-03-16,False
1262,10558,2020-09-14,True
1263,63592,2022-08-15,False
1264,81303,2021-10-27,True
1265,12117,2021-01-16,False
1266,87563,2020-06-06,False
1267,86356,2021-05-09,False
1268,99969,2022-08-31,True
1269,90987,2021-07-11,False
1270,18834,2020-03-25,True
1271,49564,2020-10-08,True
1272,64007,2021-09-07,False
1273,52449,2020-08-04,True
1274,65403,2020-05-31,False
1275,27561,2022-08-11,True
1276,17782,2020-03-31,True
1277,91605,2022-10-03,False
1278,40502,2021-10-11,False
1279,9940,2020-04-20,False
1280,48291,2022-02-16,True
1281,93688,2020-08-25,True
1282,17423,2022-03-30,True
1283,6643,2021-12-19,True
1284,27019,2021-01-05,True
1285,34525,2022-12-03,False
1286,44903,2021-03-28,True
1287,41313,2022-03-23,False
1288,4687,2022-05-19,False
1289,17123,2020-02-05,False
1290,56413,2020-11-26,False
1291,62482,2022-04-29,True
1292,36661,2021-10-08,True
1293,26984,2021-04-08,False
1294,41415,2021-09-27,False
1295,11354,2021-12-06,False
1296,2006,2021-04-07,False
1297,99708,2020-06-22,False
1298,9948,2022-10-30,False
1299,25966,2020-05-23,False
1300,56744,2022-03-15,True
1301,91189,2023-01-27,False
1302,86356,2021-03-27,True
1303,42519,2021-05-25,True
1304,30764,2022-02-12,False
1305,60489,2021-08-21,True
1306,98106,2021-07-29,False
1307,20087,2022-12-28,True
1308,31098,2021-12-18,True
1309,40237,2022-02-05,True
1310,20681,2022-06-05,False
1311,41906,2022-02-16,True
1312,72543,2021-09-25,True
1313,16340,2020-03-05,False
1314,23717,2021-09-14,False
1315,4833,2021-01-25,True
1316,33181,2023-03-15,False
1317,73609,2021-09-14,True
1318,59855,2022-01-16,True
1319,59908,2022-02-07,True
1320,4131,2022-02-17,True
1321,48138,2022-08-08,False
1322,50971,2020-06-15,False
1323,41903,2023-03-08,True
1324,13457,2020-05-23,True
1325,19029,2020-04-18,True
1326,31600,2020-11-05,True
1327,87077,2022-02-09,True
1328,65982,2020-11-17,True
1329,58647,2021-06-23,False
1330,28238,2023-01-09,False
1331,66907,2022-02-26,True
1332,12687,2020-03-06,True
1333,95175,2021-09-09,True
1334,47816,2020-04-23,True
1335,7506,2020-03-28,True
1336,14392,2021-03-09,False
1337,19394,2020-06-18,False
1338,28273,2020-08-03,False
1339,31230,2021-01-27,False
1340,88475,2020-05-31,True
1341,61562,2022-10-11,False
1342,1580,2022-07-06,False
1343,76432,2021-04-16,False
1344,66118,2022-12-08,True
1345,71920,2020-06-18,False
1346,33765,2022-05-21,True
1347,3984,2023-05-10,False
1348,10046,2021-04-19,False
1349,35609,2023-05-03,True
1350,9138,2021-03-17,False
1351,25274,2021-12-18,False
1352,81917,2020-07-16,True
1353,55123,2023-03-28,False
1354,5337,2021-08-01,True
1355,89779,2020-01-23,False
1356,1585,2022-05-18,False
1357,17677,2022-10-24,True
1358,9575,2020-06-10,False
1359,25990,2021-04-23,False
1360,15834,2022-08-30,True
1361,28331,2020-07-11,False
1362,47608,2022-10-06,False
1363,79393,2022-09-19,False
1364,69731,2023-04-07,True
1365,28599,2020-07-06,True
1366,87023,2022-08-19,True
1367,67674,2022-08-08,False
1368,69518,2021-10-04,True
1369,69518,2021-10-09,False
1370,12568,2021-06-01,False
1371,82338,2020-09-29,False
1372,77647,2020-06-27,False
1373,98562,2021-10-22,True
1374,772,2020-08-14,False
1375,97789,2021-06-30,False
1376,67431,2022-03-17,True
1377,70797,2022-12-14,True
1378,15079,2022-10-19,False
1379,19576,2021-05-26,False
1380,40814,2021-03-30,False
1381,40159,2022-05-23,False
1382,94925,2022-04-26,False
1383,94300,2020-12-20,True
1384,69797,2020-12-03,True
1385,77717,2022-09-06,False
1386,23317,2020-10-12,False
1387,12243,2022-07-14,True
1388,26408,2022-07-12,False
1389,59917,2023-03-06,False
1390,7078,2020-05-28,True
1391,80714,2020-03-18,True
1392,60508,2020-12-12,True
1393,44191,2021-06-01,False
1394,70898,2022-01-05,True
1395,22088,2021-10-31,False
1396,26004,2020-02-27,True
1397,54131,2022-09-21,True
1398,9577,2022-04-15,True
1399,67581,2021-04-11,False
1400,99217,2022-12-22,False
1401,77699,2021-05-13,True
1402,75778,2020-08-18,False
1403,5150,2021-02-04,False
1404,325,2021-12-27,False
1405,38902,2020-03-02,True
1406,92146,2022-11-30,True
1407,53264,2021-02-13,True
1408,9488,2021-11-17,True
1409,76722,2023-04-29,False
1410,37367,2020-07-13,True
1411,66777,2020-12-16,True
1412,13666,2022-02-09,True
1413,75553,2020-10-20,True
1414,22838,2021-02-24,True
1415,19788,2021-12-25,True
1416,43650,2022-06-09,True
1417,62972,2022-06-12,False
1418,30610,2021-06-21,True
1419,98929,2023-05-30,False
1420,15733,2020-08-30,True
1421,5207,2022-09-13,False
1422,63117,2022-10-16,False
1423,54065,2020-03-13,False
1424,40234,2023-01-02,True
1425,72619,2023-02-24,False
1426,49564,2020-10-08,True
1427,16852,2021-04-08,False
1428,42759,2021-12-27,False
1429,12189,2021-01-04,False
1430,49128,2021-06-26,False
1431,50809,2020-11-13,True
1432,92213,2021-06-25,True
1433,69634,2022-01-17,True
1434,4639,2021-09-07,False
1435,87765,2020-05-15,True
1436,73609,2021-09-21,True
1437,41984,2021-08-08,False
1438,57134,2022-07-14,True
1439,17377,2023-06-01,True
1440,95680,2020-09-18,True
1441,64445,2022-03-29,True
1442,68337,2021-07-03,False
1443,20118,2022-02-27,True
1444,86899,2022-06-26,False
1445,74263,2022-08-30,False
1446,28740,2022-12-19,True
1447,69809,2021-01-14,False
1448,28851,2020-08-16,True
1449,48714,2021-03-01,True
1450,68399,2021-08-20,True
1451,66747,2020-10-12,True
1452,91189,2023-02-07,False
1453,82248,2022-12-31,True
1454,76033,2020-03-19,True
1455,28561,2020-08-07,True
1456,9125,2022-04-03,True
1457,16658,2021-07-21,True
1458,50365,2020-03-20,True
1459,89428,2021-04-13,True
1460,84162,2021-11-06,True
1461,37942,2022-11-08,False
1462,80064,2023-02-28,True
1463,79393,2022-09-20,True
1464,44480,2022-06-20,True
1465,62432,2021-10-10,False
1466,45342,2022-07-18,False
1467,53259,2022-08-24,True
1468,112,2023-05-05,False
1469,30231,2022-07-25,True
1470,82225,2022-06-15,True
1471,19340,2020-12-16,True
1472,33101,2021-12-03,False
1473,45544,2020-10-03,False
1474,87628,2020-03-12,True
1475,9138,2021-03-30,False
1476,77189,2020-11-22,True
1477,10368,2021-06-14,True
1478,45221,2022-08-30,False
1479,98562,2021-11-16,False
1480,55532,2021-05-06,True
1481,22453,2023-02-12,False
1482,25469,2021-03-01,False
1483,45447,2023-01-02,True
1484,10368,2021-06-07,False
1485,64820,2023-02-17,True
1486,33627,2020-10-07,True
1487,41984,2021-08-22,False
1488,38556,2023-01-23,True
1489,30732,2021-08-31,True
1490,64792,2022-03-14,False
1491,50667,2020-10-07,False
1492,84124,2022-09-12,True
1493,64855,2020-11-21,True
1494,46485,2020-11-29,False
1495,18741,2020-03-28,False
1496,45010,2022-12-11,False
1497,53958,2023-06-13,True
1498,33017,2021-02-21,False
1499,18426,2020-02-23,False
1500,35924,2023-01-17,False
1501,81484,2021-11-10,True
1502,93581,2022-06-02,False
1503,11215,2020-06-07,True
1504,58685,2020-04-25,True
1505,80937,2021-09-02,False
1506,91719,2023-05-12,True
1507,70003,2023-04-02,True
1508,28874,2022-05-25,False
1509,96338,2020-05-08,False
1510,59236,2020-08-26,False
1511,4003,2021-10-19,True
1512,16852,2021-04-07,False
1513,10144,2022-07-11,False
1514,73980,2022-02-28,True
1515,55110,2020-04-05,True
1516,67014,2023-02-18,True
1517,94391,2020-10-22,True
1518,38681,2021-01-15,False
1519,66426,2021-08-09,True
1520,64007,2021-09-12,True
1521,28302,2020-06-30,True
1522,20681,2022-05-08,False
1523,6716,2020-09-28,True
1524,85172,2021-07-09,False
1525,70003,2023-05-09,False
1526,52878,2022-07-05,True
1527,13042,2020-09-30,True
1528,18496,2022-08-07,True
1529,45447,2023-01-13,True
1530,13310,2020-10-29,True
1531,37813,2022-06-18,True
1532,20591,2022-04-27,True
1533,94065,2020-05-15,False
1534,71285,2021-06-06,False
1535,16558,2021-10-07,False
1536,89124,2023-04-05,True
1537,80942,2023-02-13,False
1538,41902,2022-05-24,False
1539,73205,2022-05-18,True
1540,14277,2022-06-29,False
1541,59283,2021-05-04,True
1542,72589,2021-11-19,False
1543,6268,2020-04-11,False
1544,32260,2021-11-15,True
1545,31227,2020-03-22,False
1546,44778,2021-03-07,True
1547,91829,2020-04-27,False
1548,8436,2021-02-08,True
1549,18648,2020-06-28,True
1550,17228,2020-09-14,True
1551,16715,2020-05-02,False
1552,16953,2021-07-13,False
1553,22500,2022-04-09,False
1554,73003,2020-12-20,False
1555,62432,2021-10-05,True
1556,90013,2022-11-23,True
1557,30891,2021-07-16,True
1558,94871,2021-08-03,False
1559,33255,2022-09-12,True
1560,39693,2021-04-12,True
1561,19782,2020-08-03,True
1562,18162,2020-09-01,False
1563,66513,2021-01-16,True
1564,21539,2022-06-25,False
1565,68019,2022-11-27,True
1566,69797,2020-11-30,False
1567,25164,2022-03-13,False
1568,71457,2020-11-30,True
1569,6020,2022-07-31,False
1570,15891,2020-08-08,False
1571,75894,2023-03-24,False
1572,58647,2021-06-11,False
1573,87252,2020-01-12,True
1574,47129,2022-11-19,False
1575,70811,2021-12-29,False
1576,84555,2022-05-16,True
1577,10486,2022-11-27,True
1578,57134,2022-08-06,False
1579,40814,2021-03-25,False
1580,29763,2021-07-04,True
1581,33219,2020-11-24,True
1582,90148,2021-08-05,True
1583,9710,2021-10-16,False
1584,14489,2021-02-14,True
1585,35147,2023-01-07,False
1586,23337,2021-10-31,False
1587,645,2022-04-30,True
1588,40223,2020-05-14,False
1589,27210,2022-04-25,False
1590,54466,2023-01-10,True
1591,86426,2022-03-20,True
1592,91211,2021-04-30,False
1593,2379,2020-11-06,False
1594,92897,2021-05-10,True
1595,53892,2022-08-23,True
1596,22566,2020-05-30,True
1597,67621,2022-07-31,True
1598,37813,2022-05-15,False
1599,81373,2021-07-28,True
1600,95420,2021-02-05,False
1601,19576,2021-06-01,False
1602,89146,2020-12-13,True
1603,44756,2022-11-10,False
1604,20535,2023-05-08,False
1605,31662,2020-12-08,True
1606,89626,2022-05-20,True
1607,74651,2020-05-19,False
1608,89014,2020-03-21,True
1609,61767,2020-04-16,True
1610,88089,2022-08-28,False
1611,94569,2021-01-14,True
1612,23859,2022-08-31,False
1613,44756,2022-11-18,False
1614,27140,2022-07-25,True
1615,99102,2020-03-10,False
1616,54466,2023-02-09,True
1617,79920,2023-05-27,True
1618,51481,2022-08-07,False
1619,66130,2021-06-29,False
1620,82905,2020-12-26,False
1621,69021,2022-02-28,False
1622,3836,2023-06-01,False
1623,82695,2020-09-12,False
1624,95450,2022-11-23,False
1625,12162,2020-07-20,True
1626,29334,2021-01-30,False
1627,5058,2023-03-07,True
1628,40220,2022-07-17,False
1629,81484,2021-11-04,True
1630,50747,2022-05-18,False
1631,28331,2020-06-30,False
1632,92975,2020-10-14,True
1633,90258,2020-03-03,False
1634,84056,2021-02-25,False
1635,19972,2022-05-29,True
1636,22793,2021-05-02,True
1637,60608,2020-02-25,False
1638,88252,2021-03-25,False
1639,42374,2021-11-17,True
1640,44999,2022-01-29,False
1641,28801,2022-10-25,True
1642,24378,2021-01-23,False
1643,41155,2021-04-03,True
1644,13134,2021-06-25,True
1645,87895,2022-03-23,True
1646,67785,2020-01-26,True
1647,84046,2022-10-27,False
1648,23172,2022-01-03,False
1649,56797,2021-03-17,False
1650,25963,2023-03-10,True
1651,27561,2022-08-13,False
1652,68019,2022-11-09,False
1653,31528,2020-07-21,True
1654,96865,2022-12-05,True
1655,69402,2021-03-26,True
1656,63793,2021-04-18,False
1657,2782,2021-03-11,False
1658,20063,2021-04-07,False
1659,91719,2023-05-06,False
1660,17909,2020-04-02,True
1661,58986,2020-12-05,True
1662,60830,2021-07-09,False
1663,22769,2021-09-02,True
1664,30197,2020-03-04,False
1665,55368,2020-03-01,False
1666,49301,2022-05-19,True
1667,40552,2021-11-26,False
1668,15556,2021-09-17,False
1669,19003,2023-04-08,False
1670,85243,2022-10-02,True
1671,9138,2021-03-15,True
1672,28315,2022-12-04,True
1673,70248,2022-12-18,False
1674,51758,2021-08-09,True
1675,73977,2023-04-16,True
1676,94925,2022-05-10,False
1677,75172,2020-08-09,True
1678,9407,2022-12-25,True
1679,71024,2022-01-29,False
1680,1694,2022-10-27,True
1681,22628,2021-01-10,True
1682,70508,2021-10-19,True
1683,91297,2021-09-02,True
1684,36414,2023-02-24,False
1685,77137,2020-05-28,True
1686,36992,2020-10-29,True
1687,63796,2020-09-30,False
1688,63544,2020-11-13,False
1689,84113,2022-11-10,True
1690,82183,2022-08-10,False
1691,91719,2023-04-11,True
1692,38175,2021-05-30,True
1693,95732,2023-04-23,False
1694,87694,2020-10-13,False
1695,39286,2022-07-08,False
1696,66130,2021-05-16,False
1697,54510,2020-07-24,True
1698,16340,2020-04-01,True
1699,14041,2022-06-30,False
1700,75636,2020-05-26,False
1701,39083,2020-09-29,True
1702,75894,2023-03-10,False
1703,99710,2020-02-28,False
1704,66179,2021-05-08,False
1705,49014,2020-07-15,False
1706,13769,2021-02-27,False
1707,42533,2022-06-30,False
1708,76432,2021-05-09,True
1709,59820,2021-07-08,False
1710,40829,2022-01-06,True
1711,12816,2022-06-19,False
1712,12662,2022-05-04,True
1713,89978,2021-02-13,False
1714,3335,2020-07-04,False
1715,55543,2020-11-13,False
1716,6516,2022-08-13,False
1717,98536,2021-12-14,False
1718,16837,2020-08-06,False
1719,76394,2020-06-11,False
1720,3906,2021-04-12,False
1721,75264,2022-05-27,True
1722,24806,2021-03-10,True
1723,2410,2021-08-16,False
1724,30707,2021-11-26,False
1725,17362,2021-11-04,False
1726,24909,2022-01-25,True
1727,40003,2021-06-20,False
1728,71474,2020-09-16,True
1729,96027,2022-08-26,False
1730,50671,2023-02-11,True
1731,61680,2021-01-13,True
1732,93884,2022-04-12,False
1733,70678,2022-02-14,False
1734,12335,2020-03-04,False
1735,49560,2021-11-24,False
1736,68189,2020-04-28,True
1737,48149,2021-02-17,False
1738,45010,2022-11-18,True
1739,56596,2022-05-24,False
1740,47364,2022-03-25,True
1741,57200,2020-02-23,False
1742,39224,2022-07-30,False
1743,5150,2020-12-21,False
1744,90050,2023-01-14,False
1745,66580,2023-02-12,False
1746,59841,2023-04-10,False
1747,57013,2021-04-07,False
1748,59246,2022-05-22,False
1749,68704,2023-04-01,False
1750,80064,2023-01-23,False
1751,92255,2021-07-08,True
1752,89374,2022-09-10,False
1753,36011,2022-01-06,False
1754,76876,2023-04-05,True
1755,6912,2023-05-11,True
1756,48769,2021-02-13,True
1757,86426,2022-04-04,True
1758,80300,2021-03-14,False
1759,62228,2022-12-10,True
1760,50145,2022-04-06,True
1761,93884,2022-02-18,False
1762,47386,2022-11-18,True
1763,77717,2022-10-05,False
1764,284,2023-03-23,True
1765,97368,2021-04-28,True
1766,27606,2023-02-22,True
1767,59941,2021-12-28,True
1768,93611,2020-12-15,False
1769,66214,2021-02-12,False
1770,83369,2021-10-03,False
1771,56277,2020-12-24,True
1772,60151,2021-04-24,True
1773,70004,2020-10-07,False
1774,85033,2023-04-08,True
1775,36414,2023-02-27,False
1776,71024,2022-01-29,False
1777,67404,2022-06-10,True
1778,47779,2022-12-17,True
1779,69765,2021-09-07,True
1780,49876,2020-12-23,True
1781,4639,2021-07-27,True
1782,12816,2022-05-18,False
1783,71920,2020-07-07,False
1784,55476,2022-06-23,True
1785,78863,2020-12-06,True
1786,61426,2020-09-23,True
1787,91735,2020-07-16,True
1788,40234,2022-12-28,True
1789,1634,2021-09-21,False
1790,78752,2022-06-11,False
1791,94569,2021-01-06,False
1792,46426,2022-05-08,True
1793,32053,2022-10-19,False
1794,96390,2022-01-22,False
1795,78843,2020-06-02,False
1796,56596,2022-05-22,False
1797,73609,2021-10-02,True
1798,53271,2021-11-02,True
1799,87077,2022-03-10,True
1800,71233,2021-08-18,True
1801,43329,2021-08-20,True
1802,5868,2021-10-05,False
1803,88143,2022-08-18,True
1804,76829,2022-05-14,False
1805,81112,2020-07-27,True
1806,88731,2022-12-05,False
1807,48253,2020-03-01,False
1808,55123,2023-03-26,False
1809,12106,2020-06-14,False
1810,49154,2021-09-18,False
1811,25907,2021-05-20,False
1812,57190,2021-01-24,False
1813,88184,2020-11-20,True
1814,77098,2020-02-28,False
1815,75351,2023-01-06,False
1816,8645,2021-11-18,True
1817,28414,2023-04-21,True
1818,3983,2021-02-07,False
1819,83017,2021-07-07,True
1820,88352,2022-09-09,False
1821,64664,2022-09-15,True
1822,22507,2021-11-09,True
1823,27236,2020-11-07,True
1824,74069,2022-02-27,False
1825,97860,2021-09-27,True
1826,28192,2022-07-05,False
1827,93213,2021-03-17,True
1828,57842,2020-12-17,False
1829,24543,2022-06-07,True
1830,64961,2023-01-17,False
1831,9180,2022-07-18,True
1832,47609,2020-03-22,True
1833,42523,2021-06-14,True
1834,9703,2022-10-11,True
1835,24821,2021-04-25,False
1836,78097,2021-04-15,True
1837,99465,2020-08-26,True
1838,68704,2023-03-09,False
1839,72747,2022-07-01,True
1840,82248,2023-01-16,True
1841,13599,2023-04-26,False
1842,56817,2022-12-27,True
1843,10002,2020-05-04,True
1844,53892,2022-09-28,False
1845,41903,2023-02-19,True
1846,4875,2022-06-04,False
1847,51030,2020-02-24,True
1848,85840,2020-08-07,True
1849,42812,2021-07-21,False
1850,30610,2021-06-08,False
1851,48572,2023-04-12,False
1852,87339,2022-11-14,True
1853,34768,2021-06-30,False
1854,70731,2020-01-21,True
1855,89030,2020-07-19,False
1856,48714,2021-02-25,True
1857,99348,2021-07-17,False
1858,17872,2021-07-01,True
1859,38603,2020-02-25,True
1860,29637,2022-01-20,True
1861,28851,2020-08-13,True
1862,10366,2020-12-26,True
1863,16558,2021-10-03,True
1864,18994,2021-09-26,True
1865,44778,2021-03-22,False
1866,29763,2021-07-30,False
1867,35201,2022-10-06,True
1868,49301,2022-04-29,False
1869,48693,2023-04-23,False
1870,65879,2021-07-19,False
1871,52808,2020-08-02,False
1872,24052,2020-06-30,False
1873,54436,2022-08-10,True
1874,34777,2020-07-22,True
1875,77857,2020-08-26,True
1876,9149,2022-04-18,True
1877,54065,2020-04-19,False
1878,68399,2021-10-02,False
1879,37488,2022-08-13,True
1880,45046,2022-12-21,True
1881,51448,2023-06-07,True
1882,19926,2022-11-29,True
1883,48769,2021-04-04,True
1884,77483,2023-04-14,False
1885,92720,2020-05-20,True
1886,16299,2020-10-14,True
1887,27140,2022-09-16,False
1888,25031,2022-05-29,True
1889,22838,2021-02-17,True
1890,71920,2020-07-25,False
1891,23717,2021-07-31,False
1892,19286,2022-09-19,True
1893,47364,2022-02-27,True
1894,75604,2021-09-10,False
1895,18956,2020-01-27,True
1896,39868,2023-03-04,True
1897,35276,2023-05-09,False
1898,99381,2022-12-17,True
1899,18496,2022-08-20,False
1900,68943,2021-07-07,False
1901,49876,2020-11-16,True
1902,48572,2023-03-10,True
1903,46022,2020-08-05,True
1904,27901,2020-04-27,False
1905,11782,2021-04-09,False
1906,87298,2021-12-25,True
1907,70705,2020-09-28,False
1908,44887,2022-04-07,False
1909,93839,2022-01-16,False
1910,77856,2021-01-23,False
1911,66747,2020-09-05,False
1912,79393,2022-09-04,True
1913,69714,2020-12-24,True
1914,69015,2021-05-23,False
1915,29931,2020-05-22,True
1916,56413,2020-12-10,True
1917,95175,2021-10-17,False
1918,23239,2022-12-06,True
1919,58104,2022-10-04,True
1920,56817,2022-11-15,False
1921,30931,2020-08-16,False
1922,85498,2020-06-27,False
1923,51546,2020-08-25,True
1924,84061,2020-06-25,False
1925,50747,2022-04-19,True
1926,96188,2021-04-22,False
1927,69634,2022-02-21,False
1928,69891,2022-02-12,False
1929,86215,2022-01-13,False
1930,13666,2022-02-10,True
1931,31837,2023-05-17,False
1932,81661,2021-08-04,True
1933,97789,2021-08-17,True
1934,11283,2022-04-13,True
1935,18809,2020-12-10,True
1936,8563,2023-03-09,False
1937,57737,2023-06-08,False
1938,14623,2022-12-10,False
1939,71884,2020-09-04,False
1940,27509,2022-09-05,False
1941,4003,2021-11-01,True
1942,699,2021-05-17,False
1943,91735,2020-07-22,False
1944,20319,2020-01-27,True
1945,22945,2021-09-27,False
1946,66777,2020-12-13,True
1947,44712,2021-06-01,False
1948,2145,2021-02-21,True
1949,90050,2023-01-08,True
1950,27270,2021-01-03,False
1951,29851,2022-06-11,True
1952,30292,2021-11-05,False
1953,3984,2023-04-29,False
1954,42401,2022-10-11,True
1955,89978,2021-02-26,True
1956,45094,2022-10-01,False
1957,88623,2023-01-19,False
1958,56374,2022-10-26,True
1959,22138,2022-06-25,True
1960,68907,2022-04-30,False
1961,26165,2023-05-11,False
1962,30853,2020-05-25,True
1963,98562,2021-11-11,True
1964,34235,2020-09-01,False
1965,28192,2022-08-02,False
1966,29137,2020-11-08,True
1967,50971,2020-05-18,False
1968,36453,2022-04-27,False
1969,63496,2023-04-21,True
1970,19175,2020-07-31,True
1971,57558,2022-08-07,True
1972,43080,2022-09-12,False
1973,89986,2022-04-26,False
1974,86450,2021-06-06,True
1975,30853,2020-07-17,False
1976,57579,2020-06-10,False
1977,69737,2020-06-23,False
1978,33738,2022-07-07,False
1979,33479,2021-07-26,True
1980,66593,2022-12-13,True
1981,25407,2022-10-01,True
1982,41187,2020-06-16,True
1983,43388,2022-11-11,True
1984,3512,2023-03-31,False
1985,66179,2021-05-14,True
1986,87261,2023-01-23,True
1987,8563,2023-03-21,False
1988,38175,2021-06-18,False
1989,27679,2020-04-16,False
1990,6941,2023-01-03,True
1991,97287,2021-05-05,True
1992,47102,2020-02-16,False
1993,70846,2020-08-19,True
1994,84747,2020-12-24,False
1995,86932,2021-02-04,True
1996,59236,2020-07-08,False
1997,37813,2022-05-19,False
1998,99592,2021-05-18,False
1999,75533,2020-02-19,False
2000,45883,2020-08-09,True
2001,45306,2021-08-04,False
2002,99166,2022-12-21,True
2003,29576,2021-06-28,False
2004,6169,2021-04-01,False
2005,25901,2020-12-14,False
2006,56374,2022-09-30,True
2007,93048,2022-12-23,True
2008,19175,2020-08-13,True
2009,43857,2021-06-12,False
2010,15834,2022-09-03,False
2011,58430,2023-05-27,True
2012,81112,2020-06-17,True
2013,97944,2021-08-20,True
2014,34711,2022-06-07,True
2015,17964,2022-07-06,False
2016,62044,2020-09-04,False
2017,99983,2021-12-18,False
2018,82453,2021-04-11,False
2019,41856,2020-05-22,True
2020,89779,2020-01-12,False
2021,2187,2020-12-30,False
2022,13300,2022-01-15,False
2023,55185,2022-04-12,False
2024,67668,2022-02-06,False
2025,56596,2022-06-06,False
2026,84517,2022-08-24,False
2027,44861,2023-02-26,False
2028,71166,2021-10-29,False
2029,44841,2021-08-31,False
2030,27509,2022-09-05,False
2031,11354,2021-12-28,False
2032,62300,2022-10-12,False
2033,95832,2022-06-14,True
2034,96188,2021-05-03,True
2035,35401,2021-06-01,False
2036,96188,2021-06-01,False
2037,86690,2022-05-31,False
2038,25395,2022-05-10,True
2039,30254,2022-07-09,True
2040,64664,2022-09-13,True
2041,81776,2020-06-18,True
2042,60031,2022-02-22,True
2043,3294,2020-04-29,False
2044,22211,2021-08-20,False
2045,43388,2022-10-16,False
2046,66118,2023-01-15,True
2047,35924,2023-02-23,True
2048,59752,2022-12-20,False
2049,93753,2021-07-24,True
2050,22263,2020-06-08,False
2051,17638,2020-10-29,False
2052,40309,2021-07-26,True
2053,16018,2023-06-21,True
2054,65005,2020-09-07,False
2055,22305,2021-06-20,True
2056,82338,2020-11-04,True
2057,63068,2021-12-14,True
2058,26653,2020-05-14,False
2059,62846,2022-09-26,True
2060,57087,2021-07-09,True
2061,31798,2021-12-22,False
2062,7851,2022-10-01,False
2063,70429,2023-04-01,True
2064,55475,2021-12-06,True
2065,83240,2021-01-23,False
2066,67195,2022-09-23,False
2067,98536,2021-12-05,True
2068,37792,2023-04-13,False
2069,78824,2022-07-14,False
2070,3852,2021-05-10,False
2071,45883,2020-08-24,True
2072,6451,2020-09-04,True
2073,41856,2020-05-22,True
2074,70771,2022-09-22,True
2075,28254,2022-09-17,False
2076,43080,2022-08-24,True
2077,97497,2023-04-17,False
2078,77897,2022-11-03,True
2079,24141,2021-06-11,False
2080,52460,2023-02-24,False
2081,29144,2021-06-06,False
2082,28238,2023-01-03,True
2083,27754,2021-09-12,False
2084,8261,2022-03-30,False
2085,28337,2022-06-30,False
2086,6276,2020-09-07,False
2087,17716,2021-07-19,False
2088,83240,2021-01-22,False
2089,41149,2020-03-28,False
2090,53315,2021-04-30,True
2091,95704,2020-07-14,True
2092,54510,2020-07-08,True
2093,73331,2021-02-05,False
2094,91297,2021-08-22,True
2095,50238,2020-04-29,False
2096,27790,2023-04-08,True
2097,13666,2022-03-03,False
2098,74284,2022-05-01,True
2099,16082,2022-09-10,True
2100,24511,2023-04-29,False
2101,62508,2023-03-28,True
2102,41188,2022-02-19,False
2103,91401,2022-04-06,True
2104,25127,2020-02-01,True
2105,89443,2020-08-12,False
2106,88402,2022-02-06,True
2107,55185,2022-05-15,True
2108,38681,2020-12-25,True
2109,16587,2021-01-30,False
2110,14230,2020-09-27,False
2111,25901,2020-11-17,False
2112,75894,2023-04-11,True
2113,79904,2022-11-13,True
2114,40652,2021-08-10,False
2115,43256,2021-01-24,False
2116,94291,2022-11-19,False
2117,18097,2023-03-04,True
2118,90569,2022-07-06,False
2119,26004,2020-03-02,True
2120,14150,2020-10-11,False
2121,44608,2022-12-09,True
2122,5719,2022-10-13,False
2123,65605,2020-11-02,True
2124,44536,2022-09-11,True
2125,73092,2020-06-23,True
2126,41411,2020-02-05,True
2127,18988,2021-04-25,True
2128,33969,2022-05-09,True
2129,6169,2021-04-21,True
2130,81087,2022-01-29,True
2131,44496,2023-05-13,True
2132,13006,2023-05-22,False
2133,50556,2020-10-01,False
2134,88752,2020-10-21,True
2135,31858,2022-03-08,True
2136,85056,2020-07-04,False
2137,12027,2023-04-30,False
2138,16852,2021-04-08,False
2139,49564,2020-09-20,False
2140,55201,2023-02-09,True
2141,24594,2022-11-07,True
2142,46970,2021-09-03,False
2143,62123,2021-03-23,False
2144,12113,2020-11-16,False
2145,82398,2020-11-18,False
2146,17909,2020-02-26,False
2147,14624,2022-08-22,True
2148,62228,2022-12-12,True
2149,50671,2023-03-19,False
2150,48911,2023-04-26,True
2151,73067,2021-04-26,True
2152,89120,2021-04-17,False
2153,12171,2020-04-01,True
2154,97326,2022-07-14,False
2155,68778,2023-02-03,False
2156,60830,2021-06-19,False
2157,68161,2022-03-25,False
2158,60671,2021-06-29,False
2159,76646,2022-08-09,False
2160,32681,2023-01-09,False
2161,67668,2022-02-14,False
2162,91024,2023-03-16,False
2163,67087,2022-07-17,False
2164,23337,2021-12-01,False
2165,83240,2021-01-21,True
2166,7778,2022-01-27,True
2167,66578,2022-03-30,False
2168,83240,2021-02-07,False
2169,76070,2022-08-13,False
2170,60034,2020-11-26,True
2171,75264,2022-05-24,True
2172,25395,2022-05-09,True
2173,30763,2020-03-27,True
2174,36718,2022-06-22,True
2175,52488,2021-02-24,True
2176,65982,2020-10-18,False
2177,48973,2023-01-25,True
2178,6148,2020-04-27,True
2179,36550,2021-12-18,True
2180,6587,2022-01-17,False
2181,42584,2022-11-10,False
2182,71215,2022-12-28,False
2183,92937,2021-01-20,False
2184,86690,2022-05-16,False
2185,97326,2022-07-04,False
2186,73609,2021-08-28,False
2187,69956,2020-12-04,False
2188,36011,2022-01-07,False
2189,89031,2021-04-24,True
2190,41663,2020-01-23,False
2191,84956,2023-01-04,False
2192,23116,2021-07-11,True
2193,8105,2023-04-15,False
2194,7968,2020-02-15,True
2195,7061,2020-12-10,True
2196,17123,2020-02-25,True
2197,61745,2023-03-27,False
2198,20849,2022-10-20,False
2199,39786,2021-06-18,True
2200,4639,2021-08-09,False
2201,12171,2020-02-27,False
2202,44381,2022-08-01,False
2203,65636,2023-03-31,True
2204,23950,2022-04-07,True
2205,31227,2020-05-06,False
2206,69731,2023-04-21,False
2207,51243,2021-03-23,True
2208,70797,2022-12-15,True
2209,636,2021-05-18,False
2210,30346,2023-02-04,True
2211,86045,2021-06-12,False
2212,18741,2020-04-17,True
2213,42523,2021-06-14,False
2214,91735,2020-07-09,False
2215,87402,2022-06-02,False
2216,56790,2023-04-21,False
2217,34525,2022-12-23,True
2218,51546,2020-08-25,False
2219,38655,2021-04-16,False
2220,18988,2021-05-01,False
2221,7832,2022-05-12,True
2222,31767,2020-03-13,False
2223,79297,2020-03-27,False
2224,94733,2020-05-30,False
2225,35771,2020-06-23,True
2226,25963,2023-02-23,False
2227,53958,2023-05-27,True
2228,69786,2022-02-18,False
2229,62633,2020-05-27,True
2230,9081,2021-03-30,True
2231,80614,2023-04-03,True
2232,30254,2022-07-24,True
2233,84061,2020-07-04,True
2234,40814,2021-03-22,True
2235,94398,2021-10-16,True
2236,56371,2023-01-01,True
2237,59804,2020-10-01,False
2238,74182,2022-03-19,True
2239,87587,2022-05-14,False
2240,8609,2023-04-07,False
2241,3603,2022-07-30,True
2242,5207,2022-08-20,True
2243,42649,2020-06-06,False
2244,97944,2021-09-11,False
2245,52341,2021-09-03,False
2246,85303,2020-10-25,True
2247,33596,2020-05-15,True
2248,30165,2021-10-31,True
2249,36661,2021-09-27,True
2250,93213,2021-04-20,True
2251,30075,2020-06-19,True
2252,67431,2022-03-28,False
2253,297,2020-03-04,False
2254,83338,2023-05-07,False
2255,36550,2021-12-01,False
2256,276,2022-07-01,True
2257,75968,2020-10-21,False
2258,89399,2023-02-18,False
2259,48911,2023-05-16,False
2260,59518,2021-03-27,False
2261,85056,2020-07-12,True
2262,24543,2022-07-04,True
2263,61745,2023-03-14,False
2264,47779,2022-12-04,True
2265,37661,2022-04-20,True
2266,51030,2020-03-07,False
2267,57238,2020-01-29,False
2268,78890,2023-04-17,False
2269,5386,2022-10-05,True
2270,52171,2022-12-06,False
2271,4945,2021-07-31,True
2272,40413,2022-11-28,True
2273,36534,2021-08-21,True
2274,95118,2021-12-20,True
2275,68019,2022-11-16,True
2276,97187,2020-08-15,True
2277,58265,2020-06-08,False
2278,33035,2021-06-15,False
2279,75464,2020-07-09,False
2280,62756,2021-08-26,True
2281,51448,2023-05-24,False
2282,69895,2022-05-25,True
2283,32423,2020-07-24,True
2284,11016,2020-05-27,True
2285,50359,2022-12-06,True
2286,28331,2020-08-01,True
2287,36759,2022-04-16,False
2288,51378,2020-02-24,True
2289,39664,2020-03-04,False
2290,18809,2020-12-10,False
2291,46695,2021-10-02,False
2292,50972,2023-01-22,True
2293,70915,2021-11-23,True
2294,66730,2022-07-29,True
2295,94753,2022-12-22,False
2296,66301,2020-08-19,False
2297,53315,2021-05-20,True
2298,60300,2023-04-21,False
2299,52657,2022-06-22,True
2300,28425,2022-05-03,False
2301,8407,2021-10-16,False
2302,84589,2021-09-15,False
2303,50121,2022-09-01,True
2304,65271,2020-09-25,False
2305,16758,2022-04-12,False
2306,95455,2023-04-15,True
2307,99662,2022-11-05,False
2308,32423,2020-07-15,True
2309,93611,2020-12-14,False
2310,37049,2021-08-18,True
2311,70731,2020-03-03,False
2312,16658,2021-07-21,False
2313,49505,2022-02-21,False
2314,16001,2021-07-10,True
2315,95824,2021-04-02,False
2316,15291,2021-01-18,False
2317,26995,2021-06-24,True
2318,46893,2021-09-14,True
2319,48569,2022-03-22,True
2320,16790,2021-10-04,True
2321,7412,2021-09-12,True
2322,7311,2021-03-04,False
2323,55367,2021-08-22,False
2324,99465,2020-07-26,True
2325,95832,2022-05-21,False
2326,55100,2020-11-17,False
2327,7832,2022-05-14,False
2328,96664,2022-04-22,False
2329,57667,2023-02-05,True
2330,82572,2020-03-19,True
2331,71355,2021-02-25,True
2332,39536,2020-05-05,True
2333,88230,2022-09-01,True
2334,94608,2022-07-29,False
2335,94797,2020-08-05,True
2336,14516,2021-10-13,True
2337,17377,2023-04-18,True
2338,17514,2022-05-29,False
2339,29795,2021-07-24,False
2340,6913,2022-12-22,False
2341,28436,2020-12-27,True
2342,3493,2022-05-27,False
2343,22853,2021-10-19,False
2344,7624,2020-08-04,False
2345,92538,2023-01-18,True
2346,26653,2020-06-23,True
2347,26620,2020-09-28,True
2348,60072,2023-02-27,False
2349,14041,2022-07-31,True
2350,85331,2022-10-22,False
2351,62668,2020-03-23,False
2352,78021,2021-03-07,True
2353,71261,2022-06-08,False
2354,99315,2020-10-20,False
2355,94009,2021-06-02,False
2356,45606,2022-02-08,False
2357,55123,2023-01-31,False
2358,59270,2020-09-11,False
2359,79434,2021-04-14,False
2360,80115,2022-04-03,True
2361,50359,2023-01-02,True
2362,91131,2022-11-01,False
2363,44088,2021-10-06,True
2364,93977,2021-06-27,True
2365,89779,2020-01-24,True
2366,79413,2022-08-01,False
2367,70678,2022-03-30,True
2368,10723,2020-12-08,True
2369,28254,2022-10-19,False
2370,83778,2020-12-16,True
2371,83369,2021-09-09,False
2372,98536,2021-12-23,True
2373,57406,2022-03-05,True
2374,60151,2021-05-13,True
2375,91401,2022-04-14,False
2376,63496,2023-05-12,True
2377,45221,2022-08-22,True
2378,27279,2022-11-20,True
2379,15470,2021-12-08,True
2380,91834,2022-11-15,False
2381,69264,2022-04-16,False
2382,75027,2023-03-10,True
2383,8488,2021-03-08,False
2384,77008,2020-04-13,True
2385,38180,2021-06-06,False
2386,34717,2021-06-17,True
2387,3512,2023-03-24,True
2388,82663,2021-05-23,False
2389,17476,2021-01-30,False
2390,79366,2021-03-22,False
2391,34232,2021-08-02,False
2392,40309,2021-07-22,True
2393,63496,2023-04-23,False
2394,93048,2022-11-29,True
2395,70004,2020-11-05,True
2396,31230,2021-01-26,True
2397,12011,2023-04-13,True
2398,23791,2022-04-26,True
2399,2093,2021-08-19,False
2400,42737,2022-05-14,False
2401,35073,2021-08-31,True
2402,59855,2021-12-21,False
2403,47171,2022-02-07,True
2404,64549,2023-03-31,True
2405,8696,2021-07-08,False
2406,50482,2022-04-25,True
2407,10894,2022-06-27,False
2408,4209,2022-02-03,False
2409,1502,2020-07-18,False
2410,64811,2021-09-17,True
2411,7513,2020-07-21,False
2412,61808,2022-04-16,False
2413,47012,2021-03-10,True
2414,7833,2020-09-29,True
2415,45264,2020-07-28,True
2416,27523,2021-09-25,False
2417,81722,2020-09-23,True
2418,9379,2021-02-15,False
2419,41155,2021-04-27,False
2420,50301,2020-09-04,False
2421,80128,2021-10-08,False
2422,43566,2022-05-26,False
2423,20936,2021-11-11,False
2424,10014,2023-04-25,False
2425,48959,2023-04-16,True
2426,69611,2022-05-01,True
2427,72695,2022-03-25,False
2428,13930,2020-02-14,True
2429,18644,2021-10-07,False
2430,932,2022-08-26,True
2431,7179,2022-05-24,True
2432,71898,2023-02-14,True
2433,96909,2021-08-21,True
2434,63496,2023-03-25,False
2435,55749,2022-01-13,True
2436,5719,2022-11-17,False
2437,48706,2020-09-10,True
2438,53704,2022-10-28,True
2439,75535,2021-01-20,False
2440,46522,2022-03-29,False
2441,9114,2021-01-12,True
2442,97187,2020-07-28,True
2443,28584,2021-03-10,False
2444,25987,2022-05-09,False
2445,90079,2021-08-19,True
2446,36011,2022-01-15,True
2447,30026,2022-04-08,False
2448,91719,2023-05-10,True
2449,92081,2023-04-02,True
2450,36414,2023-03-09,True
2451,96027,2022-07-27,True
2452,4916,2022-10-16,False
2453,59345,2022-08-06,False
2454,3603,2022-07-28,False
2455,35018,2021-09-10,True
2456,23102,2021-11-07,True
2457,2057,2021-07-24,True
2458,51712,2020-10-09,False
2459,61426,2020-09-23,False
2460,28331,2020-06-23,True
2461,16730,2020-07-25,False
2462,4875,2022-04-19,True
2463,52488,2021-03-07,False
2464,75604,2021-09-26,True
2465,48565,2021-07-07,True
2466,67153,2022-01-21,False
2467,33738,2022-06-08,True
2468,22768,2023-01-28,True
2469,14392,2021-03-26,False
2470,9558,2020-07-22,False
2471,31424,2020-07-14,True
2472,62923,2022-05-15,True
2473,29637,2022-02-21,False
2474,95229,2022-10-10,False
2475,16417,2021-05-13,True
2476,51586,2023-05-02,False
2477,30165,2021-11-16,False
2478,3603,2022-07-23,False
2479,48836,2020-03-01,False
2480,83665,2020-12-27,True
2481,76033,2020-03-31,False
2482,88196,2022-04-15,False
2483,3294,2020-03-21,True
2484,97,2021-06-07,True
2485,15515,2022-10-20,False
2486,30966,2021-10-21,False
2487,61680,2020-12-25,False
2488,89986,2022-04-26,True
2489,66425,2022-08-11,True
2490,67595,2022-06-25,False
2491,61680,2020-12-02,True
2492,69613,2021-01-04,True
2493,74263,2022-07-08,True
2494,70699,2021-09-04,False
2495,65753,2022-05-06,False
2496,81695,2023-05-08,True
2497,6587,2021-12-27,False
2498,51191,2022-11-20,True
2499,84061,2020-05-23,True
2500,41210,2021-08-17,True
2501,61745,2023-02-21,True
2502,84956,2022-12-28,False
2503,61272,2021-01-09,True
2504,70691,2022-08-19,False
2505,58824,2020-10-26,False
2506,44191,2021-05-09,False
2507,9672,2021-11-06,True
2508,16669,2022-02-22,True
2509,88833,2023-04-13,True
2510,21230,2023-01-11,False
2511,50388,2020-05-20,True
2512,32226,2023-03-19,True
2513,99757,2021-05-21,False
2514,23950,2022-05-10,False
2515,7619,2021-01-09,True
2516,55543,2020-12-17,True
2517,83785,2023-03-14,True
2518,3235,2020-11-09,True
2519,51885,2021-07-17,True
2520,91719,2023-04-28,True
2521,35136,2022-09-10,True
2522,33834,2020-07-05,False
2523,97243,2022-12-25,False
2524,94797,2020-07-21,True
2525,64165,2022-02-13,True
2526,62955,2022-01-04,False
2527,70927,2021-09-06,False
2528,14779,2020-02-05,False
2529,75027,2023-02-04,True
2530,69518,2021-08-27,False
2531,91605,2022-09-29,False
2532,58430,2023-05-15,True
2533,45264,2020-07-23,True
2534,3693,2021-02-25,True
2535,87461,2023-03-21,True
2536,22425,2021-05-09,True
2537,5273,2022-06-29,True
2538,90987,2021-07-28,True
2539,53271,2021-10-08,True
2540,20435,2022-11-10,False
2541,3616,2020-11-20,True
2542,71817,2022-02-06,False
2543,27555,2022-02-18,True
2544,56992,2020-05-06,False
2545,6715,2022-02-17,True
2546,49712,2022-01-14,False
2547,62368,2020-12-19,False
2548,67818,2023-06-11,True
2549,86167,2023-03-28,False
2550,58059,2021-02-28,False
2551,65271,2020-08-27,True
2552,78706,2020-10-15,False
2553,96026,2022-08-04,False
2554,2702,2020-11-08,True
2555,95732,2023-04-01,True
2556,67018,2021-06-22,True
2557,71233,2021-07-19,True
2558,51191,2022-10-23,False
2559,29489,2022-05-30,False
2560,11779,2020-06-24,False
2561,65071,2021-09-10,True
2562,29931,2020-05-18,True
2563,13666,2022-03-03,False
2564,5868,2021-10-05,False
2565,49153,2021-04-21,False
2566,89030,2020-06-14,False
2567,87895,2022-05-14,True
2568,85612,2021-01-07,False
2569,8436,2021-02-12,False
2570,41225,2021-12-23,True
2571,99969,2022-07-31,True
2572,99381,2022-11-04,False
2573,68980,2021-10-08,True
2574,2390,2021-10-09,False
2575,54065,2020-03-18,False
2576,64427,2020-03-10,False
2577,56374,2022-10-05,True
2578,66243,2020-06-03,True
2579,39536,2020-05-15,False
2580,64427,2020-03-26,False
2581,35136,2022-09-06,False
2582,93766,2021-07-24,True
2583,30217,2022-07-25,False
2584,31960,2021-12-02,False
2585,71817,2022-03-04,False
2586,49597,2020-09-19,False
2587,16146,2022-03-11,True
2588,60300,2023-03-21,True
2589,823,2022-08-13,True
2590,74933,2021-01-12,False
2591,50100,2021-01-13,True
2592,82183,2022-06-28,False
2593,75027,2023-02-17,False
2594,34702,2020-10-31,False
2595,10506,2023-05-08,False
2596,58104,2022-10-04,False
2597,96541,2022-02-22,False
2598,8189,2021-12-15,False
2599,40914,2022-09-15,False
2600,35073,2021-10-16,False
2601,56817,2022-11-08,True
2602,24806,2021-02-10,False
2603,57769,2021-12-02,True
2604,17476,2021-01-18,True
2605,24970,2023-01-28,False
2606,64285,2021-10-30,False
2607,42051,2023-02-22,False
2608,11207,2020-11-29,True
2609,62044,2020-09-09,False
2610,42523,2021-06-19,True
2611,694,2022-06-11,False
2612,83399,2022-03-11,False
2613,26408,2022-07-18,True
2614,77008,2020-03-23,True
2615,31043,2020-09-14,False
2616,81099,2021-02-20,True
2617,66077,2022-07-10,False
2618,59908,2022-02-10,False
2619,66855,2021-05-31,False
2620,87896,2022-01-17,False
2621,38135,2022-06-07,False
2622,38545,2023-01-08,False
2623,35077,2023-04-11,True
2624,69797,2020-11-08,False
2625,88731,2022-12-19,True
2626,73251,2021-06-09,True
2627,51546,2020-08-19,True
2628,38655,2021-03-13,False
2629,93884,2022-03-09,True
2630,72626,2022-06-03,True
2631,34768,2021-06-30,True
2632,99305,2023-06-06,True
2633,26225,2023-01-25,True
2634,61272,2021-02-06,True
2635,9575,2020-06-04,False
2636,10558,2020-09-13,False
2637,40309,2021-08-09,False
2638,82118,2021-01-11,False
2639,27140,2022-08-22,False
2640,83369,2021-10-05,True
2641,86034,2021-03-27,False
2642,181,2020-05-04,False
2643,75351,2023-01-26,True
2644,28874,2022-05-27,False
2645,1855,2021-11-22,False
2646,22376,2022-10-07,False
2647,97756,2023-06-14,True
2648,27144,2021-11-03,False
2649,92081,2023-03-16,True
2650,82401,2023-05-21,False
2651,57579,2020-05-10,True
2652,15291,2021-01-12,True
2653,55475,2021-10-28,True
2654,6912,2023-04-29,True
2655,83399,2022-04-09,False
2656,19112,2022-06-19,True
2657,7949,2023-01-13,True
2658,181,2020-06-01,False
2659,57901,2023-06-01,True
2660,17713,2022-06-08,True
2661,3264,2020-05-09,True
2662,85153,2020-07-21,False
2663,67621,2022-07-22,True
2664,99969,2022-08-03,False
2665,62228,2022-12-14,True
2666,72271,2021-09-01,False
2667,26289,2021-01-16,False
2668,49154,2021-09-15,True
2669,24594,2022-11-25,False
2670,96909,2021-07-07,True
2671,92338,2021-01-16,True
2672,76394,2020-07-06,False
2673,42374,2021-12-12,False
2674,35305,2021-07-23,True
2675,96772,2023-03-04,True
2676,73488,2021-07-07,True
2677,55123,2023-01-31,False
2678,237,2022-01-13,True
2679,50046,2020-09-16,True
2680,89285,2020-08-31,False
2681,59820,2021-05-20,True
2682,27399,2020-07-03,False
2683,60158,2022-03-14,True
2684,20438,2021-12-09,True
2685,22866,2021-01-17,True
2686,40453,2020-09-14,True
2687,62955,2021-12-08,False
2688,67404,2022-06-28,True
2689,31335,2022-03-10,True
2690,34678,2021-01-16,False
2691,98299,2022-01-03,False
2692,69613,2020-12-30,True
2693,82907,2022-05-21,False
2694,33561,2020-06-28,True
2695,14385,2021-02-24,False
2696,69863,2021-04-11,True
2697,30707,2021-12-03,False
2698,49863,2021-05-16,True
2699,33363,2020-04-04,False
2700,29144,2021-07-15,True
2701,17677,2022-10-22,False
2702,20673,2021-09-27,False
2703,2514,2023-04-22,False
2704,66724,2022-02-09,False
2705,16587,2021-02-02,True
2706,39580,2022-10-08,True
2707,5119,2022-12-12,True
2708,67989,2022-04-30,True
2709,81463,2022-12-25,True
2710,95175,2021-09-19,False
2711,50747,2022-03-24,False
2712,22841,2022-02-02,False
2713,18465,2020-12-19,True
2714,25276,2022-08-21,False
2715,17389,2020-09-22,False
2716,6941,2023-01-19,True
2717,45452,2021-07-08,False
2718,66179,2021-04-25,False
2719,83665,2020-12-08,True
2720,6738,2022-01-10,False
2721,35401,2021-04-09,True
2722,47386,2022-11-05,True
2723,31043,2020-09-22,True
2724,57329,2020-10-26,True
2725,68446,2020-12-20,False
2726,48959,2023-05-03,False
2727,41210,2021-08-15,False
2728,12162,2020-07-18,True
2729,95175,2021-09-28,False
2730,63793,2021-05-12,True
2731,98133,2023-02-09,False
2732,49025,2022-08-16,True
2733,74182,2022-03-02,False
2734,95765,2022-06-25,False
2735,78991,2022-08-16,False
2736,17306,2022-10-01,False
2737,84558,2021-12-12,True
2738,28425,2022-05-22,True
2739,64581,2021-02-06,True
2740,90298,2022-09-09,True
2741,7624,2020-07-09,True
2742,181,2020-04-26,True
2743,31981,2020-11-10,True
2744,60576,2020-03-25,True
2745,74062,2022-12-09,True
2746,40607,2021-02-15,False
2747,80748,2021-11-04,False
2748,72953,2023-04-07,True
2749,48772,2021-02-11,False
2750,13310,2020-10-23,False
2751,52259,2021-04-01,True
2752,87402,2022-06-12,False
2753,39953,2022-09-16,True
2754,76664,2021-06-28,False
2755,2841,2022-12-27,False
2756,76070,2022-06-30,True
2757,26620,2020-08-15,False
2758,53271,2021-10-13,True
2759,69122,2022-02-10,True
2760,34678,2021-01-04,True
2761,37120,2020-04-21,False
2762,38877,2021-06-06,True
2763,58430,2023-05-09,True
2764,72575,2022-12-19,False
2765,92384,2023-03-18,False
2766,20848,2023-01-16,True
2767,32053,2022-09-11,True
2768,79692,2021-10-28,False
2769,71817,2022-02-25,True
2770,49014,2020-08-26,False
2771,24281,2021-05-04,False
2772,18530,2020-08-06,True
2773,62911,2020-11-27,False
2774,82118,2021-01-12,False
2775,12574,2022-04-05,True
2776,58430,2023-05-14,True
2777,44263,2022-11-19,False
2778,13134,2021-07-23,True
2779,69015,2021-05-26,False
2780,39273,2021-10-21,True
2781,78742,2023-02-17,False
2782,16299,2020-11-10,False
2783,67526,2022-08-12,False
2784,74355,2021-08-25,True
2785,67818,2023-05-20,False
2786,82401,2023-04-18,False
2787,65636,2023-04-09,True
2788,40204,2020-02-08,False
2789,38006,2021-04-11,True
2790,40003,2021-06-10,True
2791,70805,2022-01-16,True
2792,50482,2022-03-23,True
2793,58872,2020-03-15,True
2794,3984,2023-05-24,False
2795,40003,2021-07-25,True
2796,7326,2022-01-10,False
2797,72525,2020-12-13,True
2798,61426,2020-11-03,True
2799,92211,2022-04-21,False
2800,15660,2023-05-10,True
2801,28302,2020-06-22,True
2802,73112,2020-08-21,False
2803,83017,2021-07-20,True
2804,38002,2022-02-28,False
2805,91646,2022-07-15,False
2806,43566,2022-06-02,False
2807,29144,2021-08-02,False
2808,52435,2022-01-24,False
2809,46868,2021-11-17,True
2810,85157,2021-02-15,True
2811,47041,2022-06-19,False
2812,88252,2021-03-13,False
2813,379,2022-07-03,False
2814,7974,2020-04-02,True
2815,81056,2023-05-16,False
2816,71755,2022-08-14,False
2817,44588,2021-03-25,True
2818,45010,2023-01-09,False
2819,78706,2020-09-08,True
2820,22534,2021-12-29,False
2821,50998,2021-10-22,True
2822,23636,2022-03-06,False
2823,63941,2021-08-07,True
2824,86215,2022-02-07,True
2825,55475,2021-10-15,True
2826,22296,2020-07-09,True
2827,94882,2021-02-12,False
2828,85053,2022-12-14,True
2829,9710,2021-10-30,False
2830,24676,2022-10-02,True
2831,54065,2020-04-04,False
2832,70248,2023-01-12,True
2833,68019,2022-11-14,False
2834,85612,2020-12-09,False
2835,46476,2021-05-08,False
2836,88230,2022-08-28,True
2837,21661,2020-05-24,False
2838,63326,2022-06-27,False
2839,13269,2021-10-21,False
2840,9940,2020-04-27,True
2841,53264,2021-01-16,True
2842,74423,2022-10-08,True
2843,49683,2022-12-26,False
2844,22861,2022-11-22,True
2845,52171,2022-11-27,True
2846,77626,2022-08-03,False
2847,85498,2020-06-23,True
2848,27523,2021-09-29,True
2849,31783,2022-07-04,False
2850,66023,2021-10-06,False
2851,85946,2020-03-26,False
2852,18741,2020-04-19,False
2853,87218,2021-07-25,True
2854,43080,2022-09-25,True
2855,54204,2020-05-22,True
2856,40122,2022-10-21,True
2857,99043,2020-06-10,True
2858,8189,2021-11-30,False
2859,44228,2020-12-24,False
2860,87563,2020-06-16,True
2861,66118,2022-12-21,True
2862,96245,2021-05-22,True
2863,99710,2020-03-04,True
2864,49225,2021-01-27,False
2865,26165,2023-03-16,False
2866,81484,2021-10-13,False
2867,35201,2022-09-17,True
2868,57332,2022-11-12,True
2869,53259,2022-08-18,True
2870,11503,2020-04-06,True
2871,30197,2020-04-20,True
2872,55185,2022-05-14,True
2873,59752,2022-12-02,True
2874,65636,2023-03-27,True
2875,70003,2023-05-13,False
2876,47189,2022-09-29,False
2877,99708,2020-05-14,True
2878,60461,2022-11-25,False
2879,93862,2021-05-22,True
2880,12004,2022-08-30,True
2881,44479,2022-04-05,True
2882,25966,2020-06-05,False
2883,99381,2022-10-25,True
2884,91221,2022-06-08,False
2885,97368,2021-05-16,True
2886,68587,2023-01-24,True
2887,32201,2020-02-19,False
2888,36816,2021-12-18,True
2889,39580,2022-09-13,True
2890,76394,2020-06-26,False
2891,28254,2022-10-06,False
2892,5251,2021-02-25,False
2893,39083,2020-10-21,True
2894,16898,2023-01-22,True
2895,31517,2020-03-10,False
2896,99062,2022-11-14,False
2897,29569,2022-03-18,True
2898,58298,2022-08-24,True
2899,73748,2021-06-21,True
2900,5119,2023-01-22,False
2901,21334,2023-06-05,False
2902,7326,2022-01-12,True
2903,48413,2021-09-26,True
2904,60470,2020-11-30,True
2905,94358,2021-12-02,True
2906,33181,2023-04-20,True
2907,18048,2023-01-13,False
2908,65219,2021-10-24,False
2909,32288,2023-03-15,False
2910,2024,2021-10-24,False
2911,75881,2020-10-28,False
2912,80291,2021-10-06,True
2913,42567,2021-10-17,True
2914,12243,2022-07-21,False
2915,61990,2023-05-21,False
2916,85243,2022-10-24,False
2917,25901,2021-01-13,True
2918,57036,2022-01-04,False
2919,84162,2021-11-06,False
2920,38175,2021-07-04,True
2921,1095,2022-09-25,False
2922,78299,2020-10-06,False
2923,86862,2022-11-28,False
2924,60470,2020-10-19,False
2925,64475,2020-02-08,True
2926,20435,2022-10-02,True
2927,17638,2020-10-11,False
2928,5191,2023-04-14,True
2929,98129,2021-11-30,True
2930,15843,2021-08-29,False
2931,94871,2021-09-10,True
2932,98703,2020-11-30,False
2933,12050,2023-03-24,False
2934,92836,2021-09-22,True
2935,24720,2021-10-24,False
2936,45996,2021-04-27,True
2937,30165,2021-11-12,True
2938,61990,2023-04-13,True
2939,23597,2020-03-07,False
2940,58022,2021-02-01,True
2941,27518,2020-06-29,True
2942,88567,2020-04-28,True
2943,97899,2022-07-12,True
2944,5139,2022-07-29,False
2945,1868,2022-06-09,False
2946,53264,2021-02-06,False
2947,70927,2021-10-14,False
2948,44608,2022-12-26,False
2949,96245,2021-05-13,False
2950,59505,2023-06-05,False
2951,89719,2022-08-10,True
2952,15192,2022-12-20,False
2953,16081,2023-01-09,False
2954,30763,2020-04-16,False
2955,79371,2020-05-15,False
2956,9488,2021-12-29,False
2957,87992,2020-08-03,False
2958,83583,2020-09-19,True
2959,27049,2023-02-25,False
2960,38684,2021-11-07,False
2961,46426,2022-06-19,False
2962,89428,2021-04-11,True
2963,45289,2021-11-06,False
2964,57190,2020-12-26,True
2965,6276,2020-09-03,False
2966,37895,2021-03-17,False
2967,70912,2021-04-04,False
2968,96810,2022-05-11,True
2969,13269,2021-09-25,True
2970,59418,2020-11-12,False
2971,82248,2023-02-05,True
2972,37813,2022-05-07,True
2973,87475,2023-01-22,True
2974,88567,2020-04-10,True
2975,3488,2022-09-20,True
2976,58516,2020-08-14,False
2977,50747,2022-04-23,False
2978,89182,2020-06-10,True
2979,82517,2020-12-14,True
2980,14516,2021-11-11,True
2981,58306,2022-10-07,False
2982,16803,2021-08-16,True
2983,22327,2020-08-15,False
2984,22674,2022-03-16,True
2985,69891,2022-02-10,True
2986,25987,2022-05-12,False
2987,35442,2021-06-08,True
2988,1055,2022-08-06,False
2989,99662,2022-12-09,True
2990,636,2021-04-08,False
2991,42034,2022-08-16,True
2992,28249,2022-10-06,False
2993,85153,2020-07-09,False
2994,94753,2022-12-21,False
2995,66503,2020-04-22,False
2996,53509,2020-06-24,True
2997,6913,2022-12-13,True
2998,63735,2020-09-30,False
2999,59820,2021-05-21,False
3000,22853,2021-09-20,False
3001,21194,2021-12-02,False
3002,78248,2020-09-23,False
3003,9710,2021-10-22,False
3004,43781,2020-07-13,True
3005,99043,2020-06-27,False
3006,87023,2022-07-26,True
3007,62123,2021-03-06,False
3008,87470,2023-02-10,False
3009,9558,2020-06-23,True
3010,96664,2022-04-22,True
3011,72980,2020-09-25,True
3012,77856,2021-01-18,False
3013,58872,2020-03-21,False
3014,62123,2021-03-16,True
3015,20063,2021-04-20,True
3016,30763,2020-05-21,True
3017,52886,2022-05-15,False
3018,54754,2023-05-14,True
3019,66425,2022-08-08,False
3020,4365,2023-05-29,False
3021,91401,2022-04-22,False
3022,42411,2021-12-23,False
3023,75055,2021-01-28,True
3024,45544,2020-08-28,True
3025,74423,2022-11-13,False
3026,69714,2020-12-18,False
3027,22453,2023-03-11,True
3028,25907,2021-04-22,True
3029,70109,2021-10-21,True
3030,13300,2021-12-02,True
3031,42812,2021-07-01,True
3032,84976,2021-01-27,False
3033,85053,2023-01-04,True
3034,45264,2020-06-26,False
3035,21804,2020-11-09,False
3036,11888,2021-02-17,False
3037,20798,2021-03-10,False
3038,69737,2020-06-26,True
3039,31823,2020-04-04,True
