order_id,customer_id,order_dt,payment_method
99983,4951223,2021-12-07,offline
99969,1806908,2022-07-29,offline
99868,2576384,2021-09-27,online
99757,816871,2021-04-02,offline
99710,7864358,2020-01-26,online
99708,3656851,2020-05-08,offline
99683,3699199,2021-12-14,online
99662,8376874,2022-10-14,online
99592,8190145,2021-03-28,online
99574,3453181,2021-09-12,online
99506,3163123,2022-12-16,offline
99487,5893207,2021-08-12,online
99465,269301,2020-07-03,online
99381,9525027,2022-10-22,online
99353,8788924,2020-12-02,offline
99348,1338867,2021-07-05,online
99315,1291926,2020-09-30,offline
99311,1436524,2022-09-10,online
99305,9589575,2023-04-22,online
99266,4630878,2020-04-24,offline
99217,3163123,2022-10-24,offline
99205,9685194,2022-02-07,online
99203,6286907,2023-04-17,online
99177,3847672,2021-02-09,offline
99166,6109375,2022-10-30,offline
99158,9871721,2022-02-10,offline
99102,972383,2020-01-11,online
99062,4963142,2022-10-02,online
99043,258432,2020-05-20,online
99003,4259101,2020-03-29,offline
98969,6520695,2023-04-29,online
98962,288916,2021-02-15,offline
98929,1278173,2023-04-06,offline
98885,9399964,2021-09-08,online
98852,3164033,2020-08-07,online
98832,3730827,2022-10-05,offline
98727,9565866,2020-11-09,offline
98703,3205971,2020-11-18,online
98652,9851599,2023-03-24,offline
98617,2912609,2020-05-12,online
98602,1469502,2023-02-14,offline
98562,1860821,2021-10-11,offline
98555,6145504,2021-12-24,offline
98536,1338867,2021-10-31,offline
98525,1086528,2022-10-19,online
98430,2181414,2021-06-07,online
98394,3164033,2021-04-30,offline
98382,9841596,2021-04-21,online
98354,9168167,2021-07-09,online
98299,3286151,2022-01-01,offline
98200,9156396,2022-08-12,offline
98162,5511796,2020-12-22,offline
98144,3344608,2021-02-18,offline
98138,9983236,2022-08-29,offline
98133,1825752,2023-02-07,offline
98129,4147806,2021-10-29,online
98106,4645602,2021-06-04,offline
98105,5511796,2020-09-24,online
98096,8294970,2021-04-12,online
98075,4631776,2023-02-03,online
98074,8552253,2021-06-05,online
98060,123,2020-10-13,online
97944,3896175,2021-07-15,offline
97899,4683435,2022-05-17,online
97860,3699199,2021-09-03,offline
97838,8175869,2021-03-10,offline
97791,8283210,2020-10-14,offline
97789,4036724,2021-06-19,online
97767,91618,2020-11-17,online
97756,8157735,2023-04-16,offline
97683,3973617,2022-08-16,offline
97674,3896175,2022-09-01,online
97673,2437302,2023-01-20,offline
97639,7760533,2021-07-28,offline
97634,4036724,2021-09-23,online
97497,2841676,2023-02-25,online
97368,4564013,2021-04-14,online
97326,1097897,2022-06-04,offline
97287,3699199,2021-03-19,online
97243,449278,2022-12-02,offline
97218,3320234,2020-12-19,online
97187,8552253,2020-07-08,offline
97102,9622792,2021-09-23,offline
97099,8494844,2022-09-17,online
97076,4534342,2020-02-11,offline
97035,9168167,2020-01-29,online
96999,7803392,2020-01-25,offline
96991,553536,2021-08-03,online
96916,8317488,2021-09-21,offline
96909,4947863,2021-07-04,online
96899,7528079,2022-08-17,offline
96865,1436524,2022-10-31,online
96810,1034078,2022-04-26,offline
96772,1917173,2023-02-27,offline
96738,8513493,2022-06-28,offline
96710,9859117,2020-12-31,online
96664,816871,2022-03-02,online
96652,5355222,2022-01-28,online
96644,1788676,2021-12-24,offline
96618,8628476,2020-12-10,offline
96553,9841663,2020-07-28,online
96541,6109375,2022-01-13,offline
96537,8475573,2021-09-21,online
96442,3223560,2022-02-02,offline
96390,7586335,2021-11-27,offline
96348,9000964,2020-09-05,offline
96343,3656857,2020-04-21,online
96338,4808420,2020-04-20,online
96319,5126609,2020-07-25,online
96245,9851599,2021-04-13,offline
96223,2215761,2020-02-13,offline
96188,4557282,2021-04-14,offline
96140,7830975,2023-03-15,offline
96053,7381334,2023-04-12,offline
96027,1125364,2022-07-15,online
96026,1908237,2022-06-17,online
95903,8283210,2022-05-24,offline
95832,6239636,2022-04-18,online
95824,8788924,2021-02-26,online
95817,1759350,2020-06-06,online
95779,4498799,2020-06-06,offline
95765,9841663,2022-06-22,offline
95732,4557282,2023-03-27,offline
95704,4997613,2020-07-11,offline
95680,8317488,2020-09-07,online
95596,6550808,2021-10-17,offline
95544,3163123,2022-09-19,online
95502,3892795,2022-08-23,offline
95455,7397121,2023-04-07,online
95450,4565766,2022-09-28,offline
95420,4834931,2021-01-20,online
95246,950760,2022-08-16,online
95229,6583379,2022-10-09,online
95227,7486474,2023-04-21,offline
95210,4565766,2022-01-01,offline
95175,4296424,2021-08-30,offline
95118,1788676,2021-11-07,online
95050,4687080,2021-05-08,online
95036,436078,2022-09-27,offline
95024,3847672,2023-03-14,offline
95006,8940788,2020-07-23,offline
94985,2576384,2020-08-05,offline
94958,3205971,2021-07-24,online
94925,8494844,2022-04-12,offline
94882,818921,2021-02-08,offline
94871,8701726,2021-07-21,offline
94819,7349502,2023-03-22,offline
94810,2649465,2022-06-15,online
94797,3223560,2020-07-13,offline
94753,45933,2022-12-17,offline
94733,9671215,2020-04-24,offline
94652,8131696,2022-07-27,offline
94617,8987261,2023-04-23,offline
94608,3508936,2022-06-14,offline
94569,2498535,2020-12-31,online
94562,5852935,2022-06-06,online
94527,1233520,2022-07-24,online
94467,5287635,2022-02-05,online
94398,4617094,2021-09-13,offline
94391,2140545,2020-09-09,online
94358,2962652,2021-10-31,offline
94300,2576384,2020-12-16,online
94297,4348302,2021-07-31,offline
94291,4631776,2022-10-07,online
94158,2215761,2020-12-16,online
94065,7381334,2020-04-19,offline
94043,1757142,2021-03-26,offline
94009,8788924,2021-05-04,offline
93977,1083562,2021-06-11,online
93884,4161982,2022-02-12,offline
93877,9983236,2022-10-06,offline
93862,3320234,2021-04-15,online
93839,6680512,2021-12-04,offline
93813,3163123,2022-07-24,online
93766,1436524,2021-07-17,online
93753,7760533,2021-07-03,online
93727,3344608,2023-03-24,offline
93699,4348302,2021-12-22,offline
93688,4036724,2020-07-12,online
93632,3348290,2022-04-28,online
93611,517697,2020-10-29,online
93587,6139190,2021-10-29,online
93582,7382995,2020-08-04,offline
93581,4536683,2022-05-30,offline
93534,1939578,2020-08-02,offline
93498,8919009,2020-08-09,online
93337,6888217,2022-05-06,offline
93330,7830975,2021-05-10,offline
93308,6520695,2020-07-16,online
93213,4954842,2021-02-28,offline
93207,5122784,2022-05-31,offline
93109,4398096,2020-12-08,offline
93107,2456567,2020-11-05,offline
93090,3439255,2021-06-29,online
93048,6075539,2022-11-19,offline
93034,9156396,2020-08-01,offline
92975,2181414,2020-09-05,online
92937,6971132,2021-01-06,offline
92897,9090105,2021-04-29,online
92893,7964933,2021-04-28,offline
92885,9000964,2022-10-19,offline
92877,9963256,2020-11-03,online
92872,7431664,2022-08-21,online
92836,2627693,2021-09-16,online
92720,4641043,2020-03-22,online
92688,9841663,2022-05-03,offline
92687,8175869,2022-07-26,offline
92635,6276862,2021-11-04,online
92593,6173911,2021-04-25,online
92538,1291926,2023-01-03,offline
92533,8628476,2022-05-13,online
92505,8731299,2022-06-10,offline
92444,5875923,2022-03-27,offline
92384,9700458,2023-03-17,offline
92380,7751030,2022-05-21,offline
92338,9941395,2021-01-15,online
92337,7528079,2021-12-03,offline
92255,3318448,2021-06-23,online
92213,7146160,2021-05-22,offline
92211,9983236,2022-03-01,offline
92160,9849164,2021-05-27,online
92146,7000636,2022-11-15,online
92081,8211030,2023-02-12,online
91967,6583379,2022-10-29,offline
91950,4808420,2021-03-20,online
91916,3363037,2020-12-28,offline
91834,5893207,2022-10-16,online
91833,7130090,2022-06-28,offline
91829,2893413,2020-04-06,online
91735,3348290,2020-07-03,online
91719,1083562,2023-04-03,online
91646,8940788,2022-07-01,offline
91605,7146160,2022-09-04,online
91580,4348302,2020-09-26,online
91530,5122784,2022-06-30,online
91506,9941395,2020-08-17,offline
91419,1334341,2022-03-13,offline
91401,4104890,2022-03-08,online
91333,6235073,2020-12-18,online
91297,5533413,2021-07-17,offline
91283,7946810,2022-01-28,online
91226,1825752,2020-11-18,online
91221,3847672,2022-05-25,offline
91211,818921,2021-03-30,offline
91210,7776169,2022-12-20,online
91189,2250569,2023-01-01,offline
91131,9767097,2022-10-24,offline
91057,7803392,2021-12-20,offline
91024,8790076,2023-03-06,online
90996,8912688,2022-04-14,online
90987,4947863,2021-07-07,online
90926,1928249,2020-10-12,online
90836,3390627,2021-06-15,offline
90771,4954842,2020-06-04,offline
90749,6971132,2021-05-22,offline
90700,5684078,2021-11-08,offline
90634,7486474,2020-10-18,online
90569,9266330,2022-07-03,offline
90548,8475573,2021-05-09,online
90310,258432,2023-02-27,offline
90309,7013402,2020-06-22,online
90307,9622792,2022-08-30,offline
90298,1469502,2022-07-30,offline
90260,6615705,2021-06-23,offline
90258,6370195,2020-01-15,online
90229,2841676,2022-05-19,offline
90226,2893413,2023-04-07,online
90219,9022356,2023-02-04,online
90193,436078,2021-09-15,offline
90148,449278,2021-06-20,offline
90079,3286151,2021-06-20,offline
90068,6071307,2022-02-09,online
90050,7486474,2022-11-25,online
90037,7141004,2020-02-01,offline
90013,8494844,2022-11-14,online
89986,3423229,2022-04-24,online
89980,4773017,2023-03-27,offline
89978,4438991,2021-02-02,offline
89880,9863167,2020-10-14,offline
89830,5277103,2020-05-03,online
89779,4374148,2020-01-09,online
89719,4775564,2022-06-17,online
89694,3237649,2021-01-31,offline
89680,4909710,2020-01-08,offline
89626,7751030,2022-05-19,offline
89484,4631776,2020-12-27,online
89448,1827107,2022-01-24,online
89443,1768745,2020-08-10,offline
89441,3656851,2020-05-16,offline
89428,7637780,2021-03-16,online
89399,113347,2023-01-22,offline
89374,5635923,2022-07-25,offline
89307,8172912,2022-08-28,offline
89285,4631776,2020-08-06,online
89258,5178045,2021-05-02,online
89182,9058381,2020-05-02,online
89146,9525027,2020-12-04,online
89138,6408200,2022-01-09,online
89124,8016267,2023-02-20,offline
89120,3187735,2021-04-07,online
89031,1388281,2021-03-24,online
89030,2893413,2020-05-26,offline
89014,2080808,2020-01-24,offline
89009,9949746,2020-01-14,online
88938,6177237,2022-02-16,online
88926,9622792,2021-05-07,offline
88918,7830975,2020-05-20,offline
88849,563853,2020-07-11,offline
88833,5202940,2023-02-15,online
88752,8042250,2020-09-13,offline
88748,9599952,2021-02-15,online
88735,5287635,2022-12-30,offline
88731,4909710,2022-10-22,offline
88699,9851599,2020-04-09,offline
88631,4812043,2022-05-25,offline
88623,3318448,2022-12-19,offline
88576,9785684,2023-03-12,offline
88567,2363205,2020-03-24,offline
88475,7321157,2020-05-15,offline
88424,4645602,2020-02-23,online
88402,6517519,2022-01-27,online
88352,5277103,2022-07-30,online
88252,2130937,2021-03-05,offline
88230,5955822,2022-07-23,offline
88196,1757142,2022-02-23,online
88192,9511373,2020-07-22,offline
88184,7776169,2020-10-09,online
88144,404164,2020-08-27,online
88143,2080808,2022-06-21,offline
88135,8940788,2021-10-11,offline
88089,1768745,2022-07-20,offline
88054,6803453,2020-06-08,offline
88027,8828130,2020-02-02,offline
87992,9955675,2020-06-07,offline
87958,3320234,2022-02-19,offline
87903,2769270,2020-12-06,offline
87896,4378452,2021-12-23,offline
87895,6908036,2022-03-19,offline
87879,6276862,2023-01-13,offline
87765,3348290,2020-05-05,offline
87694,4713578,2020-09-07,offline
87628,7964933,2020-03-02,offline
87587,5665531,2022-03-17,online
87563,4036724,2020-05-17,online
87540,3232209,2020-04-04,online
87521,4808420,2020-12-02,online
87513,1125538,2021-11-08,offline
87494,6583379,2020-04-13,online
87493,2522296,2023-02-11,offline
87484,5287635,2022-04-12,offline
87479,1322312,2020-06-17,online
87475,2522296,2022-12-17,online
87470,2471692,2023-01-20,online
87461,8731299,2023-03-06,online
87448,9859117,2021-08-12,online
87436,1587527,2023-02-20,offline
87413,9871721,2020-05-20,offline
87402,5755341,2022-04-25,online
87400,269301,2020-08-26,online
87339,3488569,2022-10-15,online
87298,7586335,2021-11-22,offline
87268,7382995,2021-11-01,offline
87261,4498799,2022-12-05,online
87252,1759350,2020-01-08,offline
87218,1678715,2021-07-12,offline
87208,207098,2020-03-28,online
87184,4683435,2021-08-21,offline
87163,3423229,2022-12-01,offline
87148,404164,2021-03-20,offline
87107,7431085,2020-08-27,offline
87077,2140545,2022-01-19,offline
87023,9841663,2022-07-01,online
86989,1125538,2022-05-24,online
86988,2456567,2020-08-07,offline
86932,1086528,2021-01-14,online
86899,400916,2022-06-09,offline
86862,2122115,2022-10-07,online
86851,3656851,2020-12-16,offline
86826,4834931,2021-06-24,offline
86765,3669675,2020-11-14,offline
86761,9168167,2020-02-15,online
86690,91618,2022-05-11,online
86685,2565819,2021-08-07,offline
86599,6397165,2022-04-11,offline
86565,9963256,2020-08-25,online
86532,1156414,2022-02-16,offline
86495,7571024,2021-04-10,offline
86466,1083562,2022-12-19,online
86450,7382995,2021-04-15,online
86448,8765352,2021-06-13,online
86441,456,2020-12-30,offline
86438,2498535,2022-05-15,online
86436,6145504,2022-01-02,online
86426,6766988,2022-02-27,offline
86412,4814995,2020-05-21,offline
86392,5875923,2020-03-10,online
86360,3164033,2020-07-17,offline
86356,7586335,2021-03-26,offline
86311,7321157,2020-06-14,online
86287,2911210,2022-03-20,offline
86278,3881923,2021-10-24,online
86261,6515059,2020-03-10,online
86247,1072587,2022-04-13,offline
86215,7830975,2021-12-12,online
86167,8701726,2023-02-15,online
86045,1278173,2021-05-30,online
86034,327660,2021-02-26,offline
86016,8979408,2020-04-13,offline
86014,1559089,2020-08-25,online
85995,4161982,2021-06-11,online
85983,161844,2022-02-08,offline
85946,2794874,2020-03-04,online
85933,1916207,2022-01-03,online
85871,3073231,2023-03-19,offline
85867,3881923,2020-05-27,offline
85858,4536683,2020-11-25,online
85845,4534342,2023-04-03,offline
85840,5678004,2020-07-06,online
85837,1125538,2021-06-08,offline
85794,1788676,2022-07-18,online
85761,4954842,2022-11-05,online
85730,7862603,2023-02-23,online
85704,4818421,2020-03-04,online
85617,6615705,2022-07-06,offline
85612,2522296,2020-11-14,online
85590,3508936,2021-11-23,online
85516,7108795,2021-10-14,online
85498,4536632,2020-04-30,online
85454,436078,2020-10-20,online
85423,9622792,2020-05-20,online
85378,4037291,2021-04-03,online
85331,1097897,2022-10-02,offline
85309,3973617,2020-08-07,online
85303,5132474,2020-09-01,offline
85243,9970004,2022-09-26,online
85173,9156814,2021-11-12,offline
85172,4631776,2021-05-27,offline
85157,4141232,2020-12-19,offline
85153,5684078,2020-06-02,offline
85122,455715,2020-12-04,offline
85092,436078,2023-03-23,online
85079,8966871,2022-02-05,online
85078,1125364,2021-07-20,offline
85059,8211030,2020-08-26,offline
85056,2102900,2020-05-26,online
85053,6811586,2022-11-08,online
85033,5755341,2023-03-23,offline
84980,6922838,2021-07-25,online
84976,1916207,2021-01-01,offline
84956,6803453,2022-12-24,online
84873,3340564,2022-08-26,online
84842,8475573,2022-12-11,online
84747,8190145,2020-12-21,online
84744,269301,2021-12-16,online
84667,4141232,2021-10-29,online
84624,9849164,2022-01-17,offline
84589,6319082,2021-09-07,offline
84581,5277103,2022-10-06,offline
84558,9058381,2021-11-28,offline
84555,9586314,2022-03-29,offline
84519,46175,2022-07-18,online
84517,1125364,2022-08-07,offline
84490,1336205,2021-02-06,online
84401,6239636,2022-10-24,online
84381,288916,2022-05-16,offline
84356,9599952,2021-08-14,online
84310,7081465,2020-01-10,offline
84248,8264228,2022-03-09,online
84211,8552253,2020-10-07,offline
84174,2523079,2022-04-24,online
84162,8211030,2021-09-09,offline
84124,4954842,2022-08-30,offline
84113,1698098,2022-11-08,offline
84061,2125342,2020-05-10,online
84056,8765352,2021-02-06,offline
84046,6858906,2022-09-13,online
84013,961260,2020-11-04,offline
83990,7586335,2021-12-28,offline
83932,7637780,2020-05-22,offline
83927,7486474,2022-04-29,offline
83891,2215761,2021-05-25,online
83831,961260,2020-02-23,online
83785,7174299,2023-02-07,online
83778,6811586,2020-11-24,offline
83736,2962652,2020-04-25,online
83729,3390627,2023-02-09,online
83677,8793286,2023-03-08,online
83665,9058381,2020-11-13,offline
83611,3603634,2022-02-20,online
83583,5355222,2020-09-09,offline
83556,4641043,2021-08-09,online
83553,6888217,2020-05-04,offline
83526,2903945,2021-04-16,online
83493,4909710,2022-01-09,offline
83399,5980316,2022-03-07,offline
83369,9963256,2021-09-03,offline
83359,1559089,2021-03-17,online
83338,327660,2023-04-06,offline
83305,3164493,2023-04-22,online
83284,6510939,2021-06-03,online
83241,1436524,2021-04-29,online
83240,3318448,2020-12-24,offline
83231,4147806,2023-01-05,online
83207,7522060,2021-05-03,offline
83157,4738182,2021-12-31,offline
83095,5186556,2020-12-18,offline
83092,8860090,2022-11-03,offline
83064,1559089,2022-05-12,online
83017,5932958,2021-06-10,offline
82979,8857342,2022-07-25,online
82915,2239595,2023-01-20,online
82907,1757142,2022-04-28,offline
82905,3320234,2020-12-15,offline
82695,4814995,2020-07-29,offline
82685,1432858,2022-09-07,offline
82663,3318448,2021-05-10,online
82615,1759350,2020-04-22,offline
82572,2039915,2020-03-10,online
82517,4565766,2020-11-03,offline
82502,4259101,2021-04-05,offline
82499,2067146,2021-03-03,offline
82453,7146160,2021-02-27,online
82401,9863167,2023-04-13,offline
82398,9785684,2020-09-29,offline
82385,1125364,2021-03-08,online
82338,6515059,2020-09-27,online
82292,5430901,2021-03-24,online
82250,7586335,2021-10-28,offline
82248,5186556,2022-12-24,online
82238,3320816,2020-01-22,offline
82225,4200162,2022-05-02,online
82183,1125538,2022-06-26,offline
82118,972383,2020-12-30,offline
82062,2996899,2021-11-20,offline
82042,8064579,2021-02-26,offline
82009,5348771,2021-01-09,online
82007,9851599,2022-01-29,offline
81999,8157735,2023-03-10,online
81955,3973617,2021-11-10,online
81949,5955589,2022-06-13,offline
81917,6276862,2020-06-24,offline
81861,131415,2022-09-24,offline
81776,4812043,2020-06-06,offline
81744,5755341,2021-12-22,online
81722,8857342,2020-08-16,offline
81695,7664568,2023-04-11,offline
81661,6358354,2021-07-06,online
81615,7108795,2022-03-16,offline
81569,1469502,2022-04-15,online
81484,6358354,2021-09-24,offline
81463,5635923,2022-10-31,online
81373,5605913,2021-06-09,offline
81303,6350976,2021-09-18,offline
81277,7946810,2020-12-16,online
81256,7147379,2023-04-23,offline
81229,563853,2022-10-30,online
81198,4909710,2021-10-05,online
81158,4773017,2021-05-07,offline
81154,9589575,2022-08-21,online
81137,6583379,2022-07-09,offline
81112,2407002,2020-06-08,online
81099,1156414,2020-12-31,online
81087,3591982,2021-12-29,online
81067,7147379,2020-07-05,offline
81056,2250569,2023-04-27,offline
81020,4398096,2020-08-24,online
80942,2073967,2023-02-06,online
80937,2627693,2021-08-07,offline
80911,3363037,2021-06-27,offline
80871,6550808,2022-05-12,offline
80832,1644687,2020-11-27,offline
80748,4814995,2021-09-11,online
80714,7147379,2020-02-17,online
80614,6022622,2023-03-14,online
80544,4438991,2022-01-27,online
80503,1947571,2023-04-20,offline
80404,9000964,2022-12-23,offline
80402,6615705,2022-08-13,online
80351,3591982,2023-01-26,online
80304,8376874,2021-01-02,online
80300,4147806,2021-01-16,offline
80291,9358854,2021-08-19,offline
80178,2181414,2022-12-12,online
80134,2033294,2022-08-19,online
80128,2039915,2021-09-29,offline
80115,1278173,2022-03-02,online
80108,2627864,2021-12-11,online
80064,9767097,2023-01-15,offline
79920,1825752,2023-04-03,offline
79904,6888217,2022-09-27,online
79880,9863167,2022-07-02,online
79726,6766988,2020-09-26,online
79692,4350633,2021-09-12,offline
79605,1083562,2022-03-28,online
79586,2576384,2020-12-04,online
79501,4536632,2022-03-15,online
79434,6358354,2021-02-19,offline
79413,9156396,2022-07-09,offline
79393,3423229,2022-08-12,online
79371,6729940,2020-04-11,online
79366,6408200,2021-03-04,online
79365,2654849,2021-10-23,offline
79297,9481903,2020-03-12,offline
79248,3973617,2022-01-14,offline
79232,865084,2021-12-11,online
79219,91618,2022-06-14,online
79146,9481903,2023-03-02,offline
79102,7637780,2022-06-21,offline
79081,5430901,2021-03-25,offline
79069,3286151,2021-08-01,offline
79025,9020769,2021-12-02,offline
79010,7615686,2021-10-12,online
78991,9481903,2022-08-11,online
78985,6173911,2020-05-19,online
78982,46175,2022-10-15,offline
78890,4951223,2023-03-29,online
78863,7571024,2020-10-29,offline
78854,4536632,2020-04-10,offline
78843,5132474,2020-04-11,online
78830,7108795,2020-04-12,offline
78824,6929364,2022-05-31,offline
78752,1089729,2022-05-30,online
78742,2363205,2023-01-13,online
78738,7081465,2020-03-23,online
78706,6276862,2020-08-26,online
78677,2740696,2020-11-30,online
78586,3318448,2022-03-26,offline
78478,6043995,2022-06-19,online
78413,948334,2020-02-17,online
78383,5684078,2020-12-03,offline
78357,1388281,2021-03-25,online
78332,5932958,2021-12-11,offline
78329,1759350,2022-10-05,online
78299,8860090,2020-10-01,online
78248,7571024,2020-09-01,offline
78173,8291592,2022-01-17,offline
78171,7244925,2022-07-21,offline
78128,3744940,2022-04-20,online
78121,8157735,2021-11-13,offline
78097,9444547,2021-02-27,online
78093,3187128,2023-03-27,offline
78052,2769270,2021-08-14,offline
78025,4147806,2021-03-31,online
78021,2576384,2021-02-17,online
78005,6286907,2022-11-25,offline
78001,5126609,2021-07-19,offline
77930,816871,2022-09-09,online
77925,7130090,2020-08-01,online
77897,3073231,2022-11-01,online
77857,1928249,2020-07-11,offline
77856,5684078,2021-01-15,online
77849,404164,2020-12-19,offline
77842,8475573,2020-07-09,online
77826,6408200,2021-06-09,online
77790,8190145,2022-04-02,offline
77717,4564013,2022-08-20,online
77699,9858259,2021-05-09,offline
77673,6358354,2020-08-09,online
77647,2471692,2020-05-03,online
77633,3390627,2020-04-07,online
77626,4259101,2022-06-16,offline
77568,1918693,2021-08-21,online
77563,8790076,2020-01-16,online
77516,8987261,2022-04-30,offline
77483,4161982,2023-03-13,offline
77466,4814995,2020-12-15,offline
77385,3933211,2021-07-12,offline
77269,7352391,2020-11-18,offline
77262,269301,2021-06-03,offline
77189,1827107,2020-10-02,online
77172,3591982,2022-08-27,online
77137,5025416,2020-04-14,online
77098,2951321,2020-01-28,offline
77051,6397165,2021-03-18,offline
77008,5981398,2020-03-14,online
77003,8686227,2022-09-17,online
76977,4147721,2023-04-29,online
76961,3340564,2021-12-01,online
76939,8433372,2022-01-18,offline
76879,7431085,2021-08-29,offline
76876,7431085,2023-03-28,offline
76829,105077,2022-04-19,offline
76784,4189625,2023-03-15,online
76769,8545580,2020-10-10,online
76722,2627864,2023-04-08,online
76664,3187735,2021-05-28,offline
76646,106946,2022-07-22,offline
76578,9622792,2021-04-16,online
76561,2551848,2021-03-08,online
76537,5001580,2021-02-07,online
76432,5605913,2021-03-11,online
76406,7776169,2020-05-30,offline
76394,6177237,2020-05-13,online
76330,9841663,2020-07-10,online
76253,7601333,2020-02-28,online
76247,4963142,2020-12-24,offline
76203,2239595,2020-04-28,online
76140,950760,2020-09-01,online
76132,3603634,2021-08-15,online
76070,1291926,2022-06-27,offline
76033,7637780,2020-02-09,offline
76028,3847672,2020-11-23,offline
76011,2576384,2022-06-23,online
75981,5122784,2020-01-16,online
75968,9841596,2020-10-08,online
75945,7728365,2022-02-15,online
75894,9622792,2023-02-22,online
75881,1644687,2020-10-18,online
75867,4713578,2020-11-08,offline
75865,5186556,2022-04-29,offline
75808,2140545,2020-08-13,offline
75778,4631776,2020-08-03,offline
75775,1825752,2021-07-11,online
75771,1105318,2022-09-21,offline
75752,2130937,2021-06-17,online
75749,865084,2020-01-24,online
75713,9629081,2022-03-24,online
75675,2840310,2020-10-12,offline
75636,1436524,2020-05-06,online
75619,1097897,2020-05-30,offline
75604,6615705,2021-09-05,offline
75601,4296424,2021-01-16,offline
75553,8903079,2020-10-11,offline
75540,1757142,2022-04-17,offline
75539,3699199,2021-07-27,online
75535,2912609,2020-12-08,offline
75533,4104376,2020-02-14,offline
75481,6766988,2023-02-07,online
75464,3656857,2020-05-21,online
75455,2951321,2020-11-28,offline
75387,5430901,2022-05-19,online
75360,9404247,2021-08-20,offline
75351,1838335,2022-11-29,online
75347,3847672,2021-11-21,online
75316,7299432,2021-09-21,offline
75264,7299432,2022-05-15,offline
75234,4954842,2022-11-03,offline
75172,3863105,2020-07-11,online
75130,4948747,2021-11-19,offline
75084,7783672,2022-11-25,offline
75055,2067146,2021-01-10,offline
75053,2193120,2021-12-16,offline
75027,5355222,2023-01-31,online
75021,2649465,2021-09-09,online
74953,2039915,2022-02-19,online
74933,3237649,2020-12-24,offline
74850,4683435,2023-03-13,online
74805,3286151,2020-03-19,online
74782,9266330,2021-10-19,online
74762,7637780,2021-05-29,online
74709,5932958,2022-05-27,online
74651,2740696,2020-05-11,online
74574,5348771,2022-09-07,online
74552,9941395,2021-02-06,offline
74519,6235073,2021-02-01,offline
74498,4951223,2022-08-30,offline
74471,8940788,2021-10-09,offline
74450,9685194,2023-04-19,offline
74423,5603214,2022-09-28,online
74384,5980316,2020-11-14,offline
74376,5126609,2022-06-07,offline
74355,46175,2021-08-15,offline
74345,3287460,2021-10-18,offline
74284,8793286,2022-04-17,offline
74263,3896308,2022-07-05,offline
74182,8283210,2022-02-27,offline
74126,5287635,2021-04-29,offline
74125,398880,2022-01-01,offline
74069,398880,2022-01-03,online
74062,9022356,2022-11-28,online
74042,8966871,2020-05-24,offline
74037,3602877,2021-11-16,online
73980,8731299,2022-01-17,offline
73977,6550808,2023-03-30,offline
73921,7664568,2023-04-13,offline
73902,4090948,2022-07-22,offline
73771,8376874,2020-07-11,offline
73748,3098667,2021-05-13,offline
73670,8112662,2022-07-09,online
73609,6276862,2021-08-14,online
73596,9858259,2020-03-20,online
73586,6145504,2022-06-27,online
73576,6086732,2022-07-30,offline
73530,2227895,2020-04-05,online
73488,6858906,2021-05-14,offline
73440,1334341,2022-08-08,offline
73348,3699199,2021-04-21,online
73331,8568720,2021-01-24,online
73251,6358354,2021-05-12,offline
73205,3730827,2022-05-06,offline
73144,9420024,2022-05-01,offline
73112,5907832,2020-08-11,offline
73111,6809972,2020-09-05,offline
73092,9863167,2020-05-23,offline
73073,8283210,2022-12-04,offline
73067,4947863,2021-04-06,online
73003,9498683,2020-12-12,online
72980,6371316,2020-08-26,offline
72953,1559089,2023-03-07,offline
72941,400916,2021-09-05,online
72898,9586314,2022-10-29,offline
72859,4617094,2021-03-15,offline
72847,9358854,2020-04-09,online
72764,3423229,2020-07-09,offline
72763,4997613,2022-10-02,offline
72747,4470621,2022-05-04,online
72740,7299432,2022-03-09,online
72729,7425572,2023-03-04,online
72695,7299432,2022-03-02,online
72626,3197234,2022-04-24,offline
72619,455715,2023-02-11,online
72589,2996899,2021-10-29,offline
72575,4180347,2022-10-21,online
72552,6080668,2020-09-18,offline
72543,327660,2021-08-08,online
72525,7000636,2020-10-24,offline
72401,4104890,2023-01-13,offline
72359,4775564,2020-03-21,online
72271,3656851,2021-08-19,offline
72261,5605913,2021-12-09,online
72177,4808420,2021-06-06,offline
72145,4683435,2021-09-10,offline
72112,7375328,2021-02-22,online
72024,91618,2022-06-11,offline
71974,8542490,2021-06-23,online
71920,9090105,2020-06-13,online
71898,6239636,2023-01-13,offline
71884,9785684,2020-07-10,online
71817,4808420,2022-01-06,online
71806,8788924,2020-10-04,offline
71755,3423229,2022-07-12,offline
71602,3892795,2021-12-01,offline
71507,4808420,2021-06-09,offline
71495,7776169,2020-07-20,offline
71474,6109375,2020-09-09,offline
71457,3112132,2020-10-17,offline
71423,4812043,2021-04-23,offline
71385,6740090,2020-01-29,online
71355,6145504,2021-01-19,offline
71305,5937818,2020-07-27,offline
71294,9978715,2020-09-23,online
71285,948334,2021-04-29,online
71261,9851599,2022-05-14,offline
71234,5852935,2022-06-01,online
71233,6888217,2021-07-09,online
71222,7601333,2023-05-01,online
71215,1291926,2022-11-02,offline
71202,7000636,2021-01-11,offline
71187,9955675,2021-09-04,online
71168,4104376,2021-09-22,online
71166,2102900,2021-10-14,online
71044,9767097,2020-04-18,online
71024,8016267,2022-01-20,offline
71017,9552296,2020-04-22,offline
70927,9552296,2021-09-05,online
70915,7147379,2021-09-25,online
70912,1436524,2021-03-19,online
70903,1432858,2021-09-29,online
70898,7340071,2021-11-15,online
70846,8940788,2020-06-25,offline
70811,3316103,2021-11-22,online
70805,4906435,2021-12-21,online
70797,5761311,2022-12-03,online
70771,7946810,2022-08-31,offline
70757,9420024,2020-06-28,online
70731,2102900,2020-01-07,online
70712,3112132,2021-01-21,offline
70705,4141232,2020-08-19,online
70699,9279399,2021-07-28,online
70691,2733795,2022-07-13,offline
70678,9871721,2022-02-12,offline
70555,4104890,2020-12-23,online
70545,5511796,2021-04-19,offline
70542,9955675,2020-09-08,offline
70508,9949746,2021-10-04,offline
70429,9599952,2023-03-14,offline
70248,6397165,2022-12-17,online
70210,9841596,2021-07-29,offline
70207,1322312,2020-02-24,offline
70109,9358854,2021-10-08,online
70023,4147721,2020-05-20,online
70004,3896308,2020-10-04,online
70003,4997613,2023-03-19,online
69956,9020769,2020-10-13,online
69936,8903079,2022-09-29,online
69916,1788676,2020-10-29,online
69895,5511796,2022-03-27,offline
69891,4659372,2022-01-22,offline
69863,4630878,2021-02-21,offline
69824,2491745,2021-03-13,offline
69809,8647292,2020-12-28,online
69797,9849164,2020-10-27,online
69786,4713578,2022-01-15,online
69765,7425572,2021-08-14,offline
69737,5678004,2020-05-20,offline
69731,2951321,2023-03-17,online
69714,1322312,2020-12-08,offline
69634,9565866,2021-12-24,online
69613,252143,2020-12-09,online
69611,9525027,2022-03-21,online
69574,9498683,2020-09-26,online
69531,1918693,2020-04-16,online
69518,1918693,2021-08-26,online
69500,3187128,2021-10-11,online
69445,3098667,2021-04-29,online
69402,6075539,2021-02-22,offline
69332,7431085,2020-10-13,online
69264,2911210,2022-04-01,online
69122,5665531,2022-01-28,offline
69034,252143,2020-03-05,online
69021,5603214,2022-02-22,online
69016,2839353,2020-08-31,online
69015,2215761,2021-04-22,online
68980,4398096,2021-09-15,online
68970,5980316,2023-02-25,online
68943,2627693,2021-06-30,online
68907,6235073,2022-04-03,offline
68853,816871,2022-12-17,online
68819,6109375,2021-04-27,online
68807,1156414,2023-03-23,online
68791,8317488,2022-05-15,offline
68778,6740090,2022-12-25,offline
68704,2407002,2023-02-01,offline
68607,9700458,2021-09-24,offline
68587,9171069,2023-01-14,offline
68559,2491745,2021-04-15,online
68557,3232209,2021-07-29,online
68524,816871,2022-02-01,online
68451,91618,2020-11-03,offline
68450,983084,2023-02-21,online
68446,9484200,2020-12-11,offline
68408,4147806,2020-12-28,online
68399,2627864,2021-08-17,offline
68378,4536632,2022-05-09,online
68348,6139190,2020-11-30,online
68337,3286151,2021-06-18,offline
68299,9450891,2022-01-15,online
68264,8190145,2020-09-21,offline
68241,271207,2021-08-09,online
68231,1322312,2021-04-07,offline
68225,1827107,2021-03-22,offline
68189,3286151,2020-04-18,online
68171,5348771,2022-02-19,online
68161,8195073,2022-02-20,offline
68091,7864358,2020-11-13,online
68019,1678715,2022-10-12,online
68017,8112662,2021-07-07,offline
67998,9565866,2020-05-16,offline
67989,8291592,2022-04-26,offline
67818,1334341,2023-04-28,online
67785,2911210,2020-01-23,online
67674,2912609,2022-06-11,offline
67668,7964933,2022-01-01,offline
67621,9851599,2022-06-30,online
67595,3205971,2022-05-02,offline
67581,1034078,2021-03-22,online
67526,7174299,2022-08-09,offline
67516,4659372,2022-04-17,online
67470,9955675,2022-02-09,online
67464,7147379,2021-06-12,online
67431,5907832,2022-01-27,online
67404,3669675,2022-04-29,online
67402,5126609,2023-01-17,online
67201,5907832,2023-01-17,online
67195,4963142,2022-08-07,offline
67173,5981398,2021-10-27,online
67153,5511796,2021-12-08,offline
67087,9020769,2022-05-21,offline
67079,8765352,2021-04-30,offline
67030,4909710,2021-01-26,offline
67018,5126609,2021-06-19,offline
67014,3232209,2023-02-01,online
66948,8887959,2022-07-05,offline
66941,4909710,2022-10-17,offline
66907,7013402,2022-01-13,offline
66882,8211030,2020-12-27,online
66855,2551848,2021-05-13,online
66852,7381334,2021-07-02,offline
66841,1322312,2022-11-10,online
66777,1220217,2020-10-18,online
66760,1757142,2022-08-02,offline
66747,113347,2020-08-19,online
66730,7751030,2022-07-28,online
66724,2498535,2022-02-05,offline
66664,4200162,2020-11-01,online
66593,972383,2022-11-16,online
66589,9090105,2020-12-22,online
66580,4645602,2023-01-01,offline
66578,6235073,2022-03-07,online
66513,1908237,2021-01-12,online
66503,4748490,2020-04-18,online
66465,3237649,2022-09-10,offline
66463,4104376,2020-07-31,online
66462,5635923,2021-11-25,offline
66426,4641043,2021-07-16,offline
66425,9949746,2022-07-09,online
66390,9949746,2021-06-02,offline
66386,9871721,2022-12-29,online
66320,8494844,2022-12-08,offline
66301,3318448,2020-07-19,offline
66243,3277864,2020-05-13,online
66224,7586335,2020-08-12,offline
66214,5755341,2021-01-29,online
66179,263450,2021-03-27,online
66152,2839353,2022-09-25,online
66130,219455,2021-05-15,online
66118,8042250,2022-11-29,offline
66077,7946166,2022-06-18,online
66072,3318448,2020-02-15,offline
66041,4966258,2020-01-25,online
66023,4147721,2021-09-20,online
65991,8283210,2022-01-11,online
65982,8131696,2020-10-10,online
65977,5355222,2023-02-09,offline
65879,7382995,2021-06-12,offline
65848,4948747,2022-05-12,online
65801,9530444,2023-04-16,offline
65791,4376295,2021-04-08,offline
65760,45933,2021-01-10,offline
65753,4641043,2022-04-01,online
65642,8513493,2023-03-22,offline
65636,5932958,2023-03-13,online
65605,1125538,2020-10-14,online
65461,3340564,2021-02-06,online
65410,7601333,2021-04-17,offline
65403,3286151,2020-04-17,offline
65372,1105318,2020-07-07,online
65354,1788676,2022-01-14,online
65345,3316103,2023-01-14,online
65311,4564013,2021-12-29,offline
65281,1827107,2022-09-23,online
65271,2215761,2020-08-08,offline
65219,2951321,2021-10-16,offline
65188,3488569,2022-05-14,offline
65083,983084,2020-08-31,offline
65071,1432858,2021-08-02,online
65068,953082,2020-02-12,offline
65017,5186556,2020-10-29,online
65005,8987261,2020-09-02,online
64970,4683435,2022-08-28,online
64961,91618,2022-12-08,offline
64941,1827107,2020-07-08,online
64896,6680279,2021-05-03,online
64855,9700458,2020-11-18,online
64820,436078,2023-01-14,online
64811,3847672,2021-09-09,offline
64792,1388281,2022-01-13,offline
64753,3097030,2023-02-13,online
64693,7349502,2020-08-20,online
64664,6235073,2022-08-20,offline
64608,3164033,2022-10-12,online
64581,2840310,2020-12-31,offline
64549,2437302,2023-03-24,online
64548,7381334,2022-06-27,online
64541,4189625,2020-01-29,online
64475,7013402,2020-02-04,online
64445,7637780,2022-01-28,online
64427,9941395,2020-02-05,offline
64378,6043995,2021-02-23,offline
64285,7728365,2021-09-19,online
64236,2140545,2020-08-29,offline
64211,258432,2020-06-03,offline
64208,9955675,2023-03-13,offline
64204,5511796,2021-12-11,online
64165,1559089,2021-12-18,offline
64082,9949746,2020-03-03,offline
64058,5932958,2022-05-08,offline
64040,2033294,2023-01-19,online
64029,9450891,2021-04-12,online
64007,1278173,2021-07-31,online
63951,6118259,2020-08-14,offline
63941,1083562,2021-07-30,online
63920,7964933,2023-02-24,online
63873,3277864,2020-06-30,offline
63868,2456567,2022-10-03,offline
63796,2471692,2020-09-02,offline
63793,6109375,2021-03-22,online
63773,2733795,2022-10-21,offline
63735,9481903,2020-08-08,offline
63734,2839353,2020-07-12,online
63645,436078,2022-05-21,offline
63592,2215761,2022-07-05,online
63565,2122115,2021-02-24,online
63559,46175,2020-09-01,offline
63544,4494818,2020-10-17,offline
63496,9767097,2023-03-15,offline
63380,5907832,2021-11-01,offline
63359,8016267,2020-02-13,offline
63343,8157735,2021-07-07,online
63326,7352391,2022-04-30,online
63279,950760,2022-03-08,offline
63240,3704618,2020-10-04,offline
63139,5908034,2022-01-14,online
63117,3286151,2022-09-25,online
63094,6803453,2020-04-11,offline
63068,5001580,2021-10-16,offline
62975,8552253,2020-07-27,offline
62972,712982,2022-04-17,online
62961,9568232,2023-03-07,offline
62955,7946166,2021-11-26,online
62923,3656857,2022-05-10,offline
62911,3187735,2020-11-12,offline
62854,449278,2020-04-29,online
62848,935381,2022-06-04,online
62846,712982,2022-09-15,offline
62835,9279399,2022-03-26,offline
62756,4200162,2021-08-24,offline
62668,4812043,2020-03-09,online
62633,7830975,2020-05-13,offline
62542,2576384,2020-04-05,online
62508,865084,2023-03-22,online
62482,8979408,2022-03-08,online
62432,7751030,2021-09-25,offline
62428,2073967,2022-12-08,offline
62368,9858259,2020-10-27,online
62346,7862603,2021-01-27,offline
62300,8765352,2022-08-27,offline
62228,4147721,2022-12-06,offline
62197,9444547,2021-09-20,online
62144,4630878,2021-09-07,online
62123,7637780,2021-02-02,online
62122,8760454,2020-03-18,online
62106,4906435,2020-09-12,offline
62044,4641043,2020-07-27,offline
62029,436078,2022-02-28,online
61990,6022622,2023-04-11,offline
61949,3320816,2020-10-22,offline
61819,5186556,2022-06-15,offline
61808,3164493,2022-02-23,online
61789,6515059,2020-12-13,online
61774,2437302,2021-04-13,online
61767,7013402,2020-03-10,offline
61745,339581,2023-02-06,online
61736,8175869,2020-07-20,offline
61680,4818421,2020-11-24,online
61608,45933,2020-05-24,offline
61562,7431085,2022-09-02,online
61511,2239595,2022-09-25,online
61505,6350976,2022-02-28,online
61492,4536683,2022-09-24,offline
61426,8596601,2020-09-13,offline
61407,6350976,2021-06-03,offline
61347,6239636,2021-04-24,online
61325,5981398,2020-06-09,offline
61272,8591362,2020-12-23,online
61227,3881923,2021-03-13,offline
61220,8264228,2021-04-14,online
61149,9589575,2022-12-22,offline
61090,7601333,2022-03-27,online
61003,4429780,2023-03-24,online
60943,7431085,2023-02-28,offline
60830,2794874,2021-06-05,offline
60779,4180347,2022-07-31,online
60750,8283210,2020-10-13,offline
60671,3699199,2021-06-27,offline
60647,4641043,2020-12-08,offline
60608,6371316,2020-02-19,offline
60576,7615686,2020-02-29,online
60508,8172912,2020-10-26,offline
60489,7199090,2021-07-14,offline
60470,4773017,2020-10-01,online
60461,4909710,2022-10-20,offline
60387,3164493,2020-01-23,offline
60362,1083562,2022-04-30,offline
60300,6319082,2023-02-21,online
60260,4997613,2022-04-20,offline
60160,4498799,2020-10-03,online
60158,7803392,2022-02-05,offline
60151,9156814,2021-03-29,offline
60136,8291592,2021-02-01,online
60126,9450891,2020-12-20,offline
60120,7751030,2022-03-09,online
60072,4470621,2023-02-09,online
60034,4104376,2020-10-21,offline
60031,8433372,2022-01-20,offline
59941,7615686,2021-11-25,online
59917,1757142,2023-02-21,offline
59908,6043995,2022-01-03,offline
59868,5665531,2023-04-20,online
59855,327660,2021-11-23,online
59841,5907832,2023-02-28,online
59820,7946166,2021-05-16,offline
59804,553536,2020-08-22,offline
59774,2863917,2020-10-20,online
59773,4534342,2023-03-29,offline
59752,961260,2022-11-19,offline
59749,7253873,2022-09-09,online
59668,2576384,2022-08-03,offline
59654,2498535,2021-02-05,offline
59518,8828130,2021-02-13,online
59505,1125538,2023-04-12,online
59499,9530444,2022-01-14,online
59491,4104376,2022-11-12,offline
59484,3581230,2020-11-27,online
59432,3320816,2020-07-05,online
59431,3287460,2022-10-12,offline
59424,6517519,2022-09-18,online
59418,5981398,2020-10-10,online
59389,8157735,2020-11-21,offline
59345,1105318,2022-07-23,offline
59329,4180347,2023-03-11,offline
59316,7946166,2021-11-01,online
59283,7349502,2021-04-05,offline
59270,7108795,2020-07-21,online
59246,9841663,2022-04-28,online
59236,6888217,2020-07-02,offline
59165,983084,2022-12-01,offline
58986,9020769,2020-11-07,offline
58943,1338867,2022-04-04,online
58872,3258133,2020-02-25,online
58869,5980316,2022-03-08,online
58831,8979408,2022-01-21,offline
58824,6371316,2020-09-21,offline
58814,1291926,2021-12-07,offline
58783,4964488,2021-12-07,offline
58779,4748490,2021-09-12,offline
58745,3320816,2022-06-28,online
58685,8175869,2020-03-28,online
58672,9444547,2021-03-18,offline
58647,9858259,2021-05-10,online
58562,2523079,2021-03-12,offline
58523,2067146,2021-08-02,offline
58516,2523079,2020-06-23,online
58430,2250569,2023-04-20,offline
58378,8131696,2021-03-27,offline
58318,2193120,2021-02-26,offline
58306,7352391,2022-10-05,online
58298,9841663,2022-07-21,offline
58295,6139190,2021-01-28,online
58265,9279399,2020-04-30,offline
58133,9517861,2022-09-10,online
58104,2466608,2022-08-28,offline
58059,3187128,2021-01-07,online
58022,4036724,2021-01-26,online
57944,4814995,2023-04-14,offline
57916,8793286,2022-08-23,online
57901,3863105,2023-04-15,offline
57871,953082,2020-05-13,online
57842,3223560,2020-10-21,online
57794,9565866,2021-10-20,offline
57782,5605913,2020-06-27,online
57780,7244925,2021-11-18,offline
57769,2102900,2021-11-03,online
57765,935381,2020-11-09,online
57763,8852823,2021-05-10,offline
57744,4966258,2022-03-07,offline
57737,3163123,2023-04-12,online
57672,2363205,2022-10-13,online
57667,2466608,2022-12-26,offline
57646,8317488,2021-05-03,online
57623,7760533,2021-03-24,offline
57580,8596601,2020-11-17,offline
57579,91618,2020-04-29,online
57558,9168167,2022-07-28,online
57452,4534342,2022-08-05,offline
57444,4161982,2020-07-10,online
57406,4376295,2022-01-05,offline
57374,2951321,2021-11-03,offline
57332,5937818,2022-10-18,offline
57329,7431664,2020-09-09,offline
57256,5932958,2023-02-08,online
57239,1125364,2021-11-05,offline
57238,1947571,2020-01-10,online
57200,2911210,2020-02-19,online
57190,8701726,2020-12-24,offline
57134,4036724,2022-07-07,online
57127,101112,2022-07-16,online
57087,6370195,2021-05-18,offline
57036,380443,2021-11-07,offline
57015,935381,2023-02-09,offline
57013,7081465,2021-03-16,offline
56992,1825752,2020-03-11,online
56927,7760533,2023-04-16,offline
56817,8793286,2022-11-01,online
56797,269301,2021-02-22,online
56790,339581,2023-03-29,online
56778,4997613,2022-09-26,online
56775,2250569,2020-01-14,offline
56744,3163123,2022-01-22,online
56707,4748490,2021-11-25,offline
56666,6397165,2022-11-14,offline
56657,1678715,2023-02-18,offline
56648,1918693,2022-09-20,offline
56596,8793286,2022-04-23,online
56430,5908034,2022-04-05,offline
56419,219455,2021-01-07,offline
56413,6908036,2020-11-16,offline
56374,2565819,2022-09-09,offline
56371,5955589,2022-12-11,offline
56348,7946166,2020-04-23,offline
56328,7174299,2021-10-03,online
56303,45933,2022-02-02,online
56277,7000636,2020-11-27,offline
56204,1388281,2021-04-15,offline
56203,3847672,2023-01-09,offline
56168,9568232,2023-01-20,online
56103,2073967,2020-01-28,online
56086,7783672,2021-11-18,online
56069,5025416,2020-01-21,offline
55964,5355222,2021-07-25,online
55852,2363205,2020-12-01,offline
55819,8591362,2020-04-22,online
55749,2903945,2021-12-06,offline
55691,4773017,2022-07-14,offline
55639,5684078,2020-07-29,online
55543,7397121,2020-11-01,offline
55532,6080668,2021-04-25,online
55509,6022622,2022-02-14,online
55500,581451,2021-03-01,offline
55476,209740,2022-04-24,online
55475,581451,2021-10-08,offline
55471,5178045,2020-12-04,online
55466,1678715,2021-10-20,online
55368,4378452,2020-02-28,offline
55367,7796294,2021-06-27,offline
55351,7146160,2021-11-18,online
55276,3348290,2020-05-23,offline
55249,3656857,2020-11-28,offline
55201,7108795,2023-01-11,online
55185,2903945,2022-04-04,online
55128,2193120,2021-01-11,online
55123,7199090,2023-01-28,offline
55110,1587527,2020-02-15,online
55100,3933211,2020-10-19,offline
55090,687924,2022-07-15,offline
55050,4812339,2022-10-25,offline
55017,4659372,2020-05-11,online
54988,6319082,2023-01-20,offline
54895,6729940,2020-01-01,offline
54893,9156396,2022-03-16,online
54889,8376874,2022-05-13,offline
54791,3863105,2022-07-21,offline
54764,2911210,2023-01-17,offline
54754,9859117,2023-03-29,offline
54728,8647292,2022-11-24,offline
54683,1559089,2021-12-10,online
54637,4906435,2023-04-11,offline
54610,3316103,2021-08-08,offline
54534,7946166,2022-09-11,offline
54510,1746162,2020-06-22,offline
54505,948334,2020-08-28,online
54466,271207,2022-12-27,online
54451,8760454,2020-01-12,online
54436,6239636,2022-07-30,offline
54283,2576384,2021-11-22,offline
54204,8929248,2020-05-04,offline
54187,1757142,2020-04-25,offline
54184,6177237,2023-01-21,online
54131,339581,2022-09-18,online
54065,3320234,2020-02-29,online
54047,339581,2020-08-29,online
54032,2125342,2021-09-14,online
54012,9599952,2020-11-22,online
53958,6803453,2023-04-14,online
53909,2227895,2020-11-13,offline
53892,258432,2022-08-11,offline
53827,9983236,2021-08-16,online
53797,1072587,2020-06-22,offline
53767,6177237,2021-11-01,offline
53743,865084,2022-11-18,online
53725,3210571,2022-07-04,online
53704,5684078,2022-10-25,offline
53608,4161982,2022-01-28,online
53527,7757457,2022-02-04,online
53509,2565819,2020-06-05,online
53472,5932958,2020-05-30,offline
53430,2466608,2022-06-01,offline
53412,4909710,2020-04-27,offline
53343,9970004,2020-07-09,offline
53341,3591982,2022-11-11,offline
53315,4244509,2021-04-28,offline
53271,1156414,2021-09-06,offline
53267,3863105,2022-01-27,offline
53264,3348290,2021-01-08,offline
53259,4738182,2022-07-25,offline
53116,9420024,2022-11-28,offline
53028,6371316,2022-04-03,online
52978,1082513,2022-10-15,offline
52944,4374148,2022-02-08,offline
52886,8790076,2022-04-20,online
52878,1125364,2022-06-08,offline
52838,7130090,2021-05-27,offline
52826,8765352,2020-08-05,online
52808,2250569,2020-08-01,offline
52718,9420024,2022-04-11,online
52657,3320816,2022-05-11,online
52600,436078,2020-08-22,online
52488,9090105,2021-01-07,offline
52465,9841596,2023-01-16,offline
52460,8376874,2023-02-11,online
52449,5955589,2020-07-25,offline
52444,1469502,2021-08-03,online
52435,3744940,2022-01-11,online
52422,1083562,2021-08-04,offline
52419,4909710,2021-05-28,offline
52414,7425572,2022-09-30,online
52385,6766988,2020-01-04,online
52377,7796294,2023-04-11,offline
52341,6177237,2021-07-15,offline
52302,9090105,2021-06-02,online
52259,4997613,2021-03-22,online
52248,4534342,2023-04-17,online
52171,8568720,2022-11-06,online
52135,3286151,2021-04-14,online
52122,9863167,2020-09-17,online
52067,4963142,2022-11-05,offline
51949,1827107,2020-11-20,online
51942,8064579,2022-01-23,online
51885,1788676,2021-06-01,online
51758,1436524,2021-07-05,offline
51712,3973617,2020-08-31,online
51614,1825752,2020-05-22,offline
51611,6080668,2022-12-23,online
51586,6397165,2023-04-21,online
51546,2365208,2020-08-13,online
51541,3210571,2022-01-02,offline
51481,7783672,2022-06-18,online
51474,9279399,2021-06-21,online
51448,6739793,2023-04-20,offline
51378,8042250,2020-02-18,online
51349,2130937,2021-08-17,online
51346,7253873,2023-04-07,online
51317,7349502,2022-01-31,offline
51304,4834931,2022-12-01,online
51275,2903945,2020-09-02,online
51243,7760533,2021-02-04,offline
51229,4557282,2023-03-25,online
51191,6109375,2022-10-01,online
51134,161844,2021-04-18,online
51030,9511373,2020-01-15,offline
50998,5122784,2021-09-11,offline
50972,2102900,2022-12-10,online
50971,6680512,2020-05-06,offline
50809,4564013,2020-10-20,online
50747,1097897,2022-03-21,offline
50737,2522296,2023-02-11,online
50677,3603634,2023-01-06,offline
50675,4617094,2022-10-04,online
50671,2067146,2023-01-23,online
50667,8264228,2020-08-16,offline
50596,219455,2020-04-12,online
50556,4104376,2020-09-27,offline
50482,7776169,2022-03-13,online
50469,2769270,2020-03-22,online
50406,6075539,2022-08-29,online
50388,9599952,2020-05-13,online
50365,1759350,2020-03-05,offline
50359,8475573,2022-11-05,offline
50326,380443,2023-04-24,online
50301,5385017,2020-08-26,offline
50238,9511373,2020-03-15,online
50186,9450891,2020-04-14,offline
50179,5511796,2021-06-05,offline
50176,2929238,2021-09-02,online
50164,3933211,2022-07-30,offline
50145,6729940,2022-04-02,online
50121,6971132,2022-08-27,online
50100,3320234,2020-11-19,online
50046,2193120,2020-07-26,offline
50017,8131696,2022-10-09,offline
49954,3232209,2022-03-17,offline
49876,455715,2020-10-28,offline
49872,5202940,2021-05-09,online
49869,1587527,2021-03-25,online
49863,8211030,2021-04-17,online
49812,6971132,2021-12-06,offline
49733,8852823,2023-04-07,online
49712,8852823,2021-12-05,offline
49683,6358354,2022-11-07,online
49643,9589575,2021-12-20,online
49597,4036724,2020-08-23,offline
49578,3892795,2022-01-27,online
49564,4808420,2020-08-09,offline
49560,8857342,2021-09-28,online
49505,5348771,2022-02-05,online
49441,5893207,2020-11-29,offline
49402,8966871,2022-12-12,offline
49301,5907832,2022-04-27,online
49286,8591362,2020-12-18,online
49252,7425572,2022-10-11,offline
49225,8042250,2021-01-15,online
49161,2951321,2021-10-07,online
49154,4748490,2021-08-14,offline
49153,4147721,2021-04-14,offline
49128,4534342,2021-06-03,online
49116,4398096,2021-07-31,online
49112,323076,2022-08-09,online
49095,2565819,2020-06-09,offline
49025,6286907,2022-08-10,offline
49014,9420024,2020-06-27,online
48983,4617094,2022-07-19,offline
48973,3237649,2022-11-28,offline
48959,4775564,2023-03-15,offline
48940,6615705,2023-04-28,offline
48932,8157735,2022-07-01,offline
48911,4564013,2023-03-19,offline
48879,8929248,2022-05-12,online
48873,9858259,2023-04-14,offline
48836,113347,2020-02-14,online
48835,9785684,2022-01-02,offline
48832,581451,2023-01-26,offline
48772,4683435,2021-01-17,offline
48769,6397165,2021-02-04,offline
48749,8211030,2021-11-21,online
48737,9022356,2020-12-09,online
48714,2893413,2021-01-21,online
48706,288916,2020-07-19,offline
48693,1827107,2023-04-06,online
48669,3097030,2022-11-24,online
48667,1939578,2022-05-13,online
48644,9565866,2020-04-21,offline
48580,4104376,2020-07-27,offline
48576,3488569,2020-04-02,online
48572,6811586,2023-02-25,offline
48569,6680279,2022-02-21,offline
48565,4090948,2021-05-22,online
48496,7601333,2021-04-29,online
48462,9517861,2022-10-11,online
48448,1034078,2022-03-16,online
48413,9058381,2021-08-21,online
48396,3744940,2022-03-22,online
48360,3286151,2022-05-06,online
48349,327660,2020-07-05,offline
48291,2193120,2022-01-01,online
48253,6809972,2020-02-08,offline
48231,5603214,2020-09-16,online
48187,4812043,2021-03-24,online
48149,8552253,2021-01-26,offline
48144,5635923,2020-07-25,online
48138,4259101,2022-06-30,online
48104,3744940,2021-05-27,online
48023,4189625,2021-10-12,online
47979,6803453,2020-03-19,offline
47964,8506018,2021-09-10,offline
47945,8903079,2020-08-30,online
47829,6022622,2021-01-13,offline
47816,9058381,2020-03-29,online
47779,953082,2022-11-28,online
47748,9963256,2020-04-29,online
47706,2407002,2020-12-31,online
47657,7946810,2020-04-08,offline
47641,4947863,2022-03-08,offline
47625,5932958,2020-08-11,online
47609,9058381,2020-02-09,online
47608,818921,2022-08-24,offline
47600,1806908,2022-11-17,online
47496,4812339,2020-05-07,offline
47443,113347,2023-04-26,online
47387,4147806,2022-05-17,online
47386,9568232,2022-09-24,online
47379,961260,2020-08-09,online
47364,8628476,2022-01-28,online
47356,4036724,2022-04-09,online
47336,6235073,2022-09-17,offline
47241,2929238,2021-12-07,online
47189,4374148,2022-08-30,offline
47171,3656851,2022-01-31,online
47169,1788676,2020-12-19,online
47129,1291926,2022-11-13,offline
47102,7757457,2020-01-26,online
47052,6908036,2021-01-07,offline
47041,9941395,2022-05-17,online
47028,3163123,2020-04-06,offline
47012,6971132,2021-02-20,online
46996,2522296,2022-09-30,offline
46970,1908237,2021-08-27,online
46945,6811586,2021-02-17,offline
46933,6971132,2022-10-27,online
46923,5907832,2021-12-02,online
46922,3098667,2020-12-06,online
46909,9589575,2021-11-14,offline
46893,4470621,2021-07-25,offline
46868,8966871,2021-09-28,offline
46762,1759350,2022-08-13,online
46695,449278,2021-09-06,offline
46678,8860090,2022-11-28,online
46656,5937818,2022-04-12,online
46546,1827107,2021-10-06,offline
46522,219455,2022-02-14,online
46485,3591982,2020-11-10,offline
46480,1125364,2022-12-18,offline
46476,8860090,2021-04-13,offline
46426,269301,2022-05-04,offline
46316,6235073,2021-10-01,offline
46230,1436524,2022-01-21,online
46195,3340564,2021-04-13,offline
46061,113347,2022-06-24,online
46026,5186556,2021-11-08,offline
46022,5932958,2020-07-20,online
46007,2968078,2022-02-06,offline
45996,2911210,2021-03-29,online
45908,9841596,2022-05-09,online
45883,9671215,2020-07-30,offline
45809,3097030,2023-04-27,offline
45706,207098,2022-08-24,online
45606,8828130,2022-01-03,offline
45569,3340564,2020-08-17,online
45544,8042250,2020-08-07,online
45452,2951321,2021-06-25,online
45447,3656851,2022-12-16,offline
45392,2551848,2020-09-17,online
45346,8042250,2022-06-28,offline
45342,4641043,2022-06-29,offline
45306,5932958,2021-06-12,offline
45289,7299432,2021-10-27,online
45264,950760,2020-06-08,offline
45221,5533413,2022-07-11,online
45215,7864358,2021-09-14,online
45189,2546847,2021-11-08,online
45094,4812043,2022-09-01,online
45085,2962652,2022-09-22,offline
45046,4808420,2022-11-09,online
45040,8506018,2021-05-05,offline
45010,2522296,2022-11-10,online
44999,9511373,2022-01-09,offline
44983,4963142,2021-04-04,offline
44972,9963256,2022-09-08,online
44941,2365208,2020-05-06,offline
44913,9858259,2021-12-30,offline
44903,1484345,2021-02-24,offline
44887,4141232,2022-04-03,online
44881,6803453,2020-01-20,offline
44861,3704618,2023-02-21,online
44841,1034078,2021-07-03,online
44792,3896308,2022-05-20,online
44778,4738182,2021-03-03,offline
44756,8790076,2022-10-30,online
44712,6075539,2021-04-28,online
44626,9586314,2023-03-19,online
44608,8887959,2022-12-02,online
44588,865084,2021-02-11,offline
44574,9970004,2022-05-18,online
44539,271207,2020-08-15,online
44536,5430901,2022-08-17,online
44496,3112132,2023-04-28,online
44480,4631776,2022-06-02,offline
44479,209740,2022-03-14,offline
44460,5348771,2021-12-09,online
44381,7586335,2022-06-18,offline
44360,4536632,2022-10-02,online
44308,8979408,2020-01-05,online
44281,8701726,2023-02-25,online
44263,3112132,2022-10-31,online
44228,9589575,2020-11-20,offline
44191,563853,2021-04-28,offline
44181,2122115,2021-04-01,offline
44132,7147379,2021-04-05,online
44088,5355222,2021-08-24,online
43998,8596601,2022-01-28,offline
43915,1916207,2023-04-27,offline
43893,2140545,2022-05-16,offline
43857,3439255,2021-05-25,offline
43801,8912688,2023-04-17,offline
43793,2491745,2023-04-06,online
43781,7664568,2020-07-08,online
43778,6071307,2022-05-23,online
43731,6358354,2022-04-12,offline
43650,935381,2022-04-28,offline
43613,2193120,2022-07-13,online
43566,7586335,2022-05-17,offline
43545,6118259,2020-04-23,offline
43504,2407002,2021-03-19,offline
43484,2565819,2020-03-14,offline
43472,9279399,2022-02-09,online
43449,4180347,2023-04-22,online
43388,7522060,2022-10-04,online
43329,5430901,2021-08-01,online
43294,2911210,2022-12-27,online
43256,7864358,2020-12-15,offline
43207,4438991,2020-01-30,offline
43080,2565819,2022-07-29,offline
43029,6371316,2020-02-09,online
43015,4376295,2021-10-26,online
43008,9586314,2020-05-11,online
42974,7528079,2020-12-03,offline
42960,865084,2020-02-16,offline
42955,8112662,2021-11-18,online
42888,7637780,2023-03-30,online
42812,9481903,2021-06-03,offline
42796,2456567,2020-02-18,online
42759,1220217,2021-12-07,online
42737,7760533,2022-04-11,online
42674,8294970,2021-05-21,offline
42662,9090105,2022-10-23,online
42649,9963256,2020-05-29,online
42617,1436524,2022-12-03,online
42584,2130937,2022-11-08,online
42570,7431085,2020-01-19,offline
42567,8131696,2021-09-10,offline
42533,2840310,2022-06-09,offline
42523,4494818,2021-06-02,offline
42519,9525027,2021-04-02,offline
42411,1827107,2021-12-20,online
42401,5287635,2022-09-21,offline
42374,4498799,2021-10-27,online
42323,4498799,2020-07-29,offline
42320,4818421,2020-02-26,online
42294,9517861,2021-05-21,offline
42219,9530444,2022-03-12,online
42206,4641043,2022-11-26,offline
42065,9963256,2022-08-22,offline
42051,3896308,2023-02-16,offline
42034,1436524,2022-06-20,online
41991,6350976,2021-02-24,offline
41984,4147806,2021-08-05,online
41944,1806908,2021-10-01,offline
41932,4378452,2021-07-19,offline
41906,1678715,2022-01-29,online
41903,3318448,2023-02-16,offline
41902,4683435,2022-03-26,online
41856,4104376,2020-04-20,offline
41845,8903079,2021-10-14,online
41795,4948747,2021-11-29,offline
41778,7431664,2021-02-26,offline
41736,1338867,2021-11-13,online
41663,9767097,2020-01-02,offline
41614,5178045,2020-11-11,offline
41571,9849164,2021-10-15,online
41484,9511373,2022-02-07,offline
41482,8195073,2021-11-07,offline
41415,687924,2021-08-16,online
41411,9767097,2020-02-02,online
41342,4244509,2021-12-31,online
41313,9767097,2022-01-29,online
41242,5126609,2022-03-28,offline
41225,9399964,2021-11-08,online
41210,7803392,2021-08-11,offline
41188,6520695,2021-12-25,offline
41187,5122784,2020-05-02,offline
41163,7964933,2021-05-21,offline
41155,1089729,2021-03-26,offline
41149,6408200,2020-01-31,offline
41117,2546847,2020-11-26,offline
41016,3439255,2023-04-14,offline
40985,2576384,2021-12-04,offline
40925,9358854,2021-11-06,online
40914,4536683,2022-09-10,offline
40829,3656851,2021-12-04,offline
40814,4963142,2021-03-19,online
40714,6086732,2023-04-25,offline
40652,7397121,2021-07-10,online
40634,6022622,2021-01-23,offline
40607,7130090,2020-12-23,offline
40584,2471692,2022-10-21,online
40561,9963365,2020-01-03,online
40552,8979408,2021-11-05,online
40502,2654849,2021-09-03,online
40498,4775564,2022-01-08,offline
40480,961260,2020-05-14,online
40465,2903945,2020-04-27,offline
40453,2365208,2020-08-16,offline
40413,7664568,2022-11-23,online
40394,2122115,2021-09-16,online
40387,8552253,2021-08-03,offline
40333,2239595,2022-09-20,online
40309,7946810,2021-06-13,offline
40237,1806908,2021-12-30,online
40234,9552296,2022-11-18,offline
40223,6809972,2020-03-31,online
40220,9871721,2022-07-16,online
40204,3277864,2020-01-13,online
40160,2841676,2021-10-29,offline
40159,1338867,2022-04-22,offline
40122,9565866,2022-09-04,offline
40096,3423229,2022-06-26,offline
40095,6809972,2023-02-27,offline
40058,2769270,2021-06-24,offline
40041,8494844,2021-02-13,online
40029,449278,2022-12-31,online
40013,4775564,2022-08-06,online
40010,5635923,2023-02-27,online
40003,209740,2021-06-04,online
39985,7728365,2022-03-04,offline
39953,9530444,2022-07-26,online
39936,6043995,2022-05-19,online
39926,2996899,2023-01-15,offline
39895,7431085,2022-01-09,online
39894,1125364,2022-09-12,offline
39868,3352639,2023-02-15,online
39863,3892795,2021-05-09,online
39809,9841663,2020-07-06,offline
39786,2407002,2021-04-22,offline
39736,9685194,2023-04-22,online
39693,258432,2021-04-03,online
39664,5385017,2020-01-17,offline
39659,8731299,2021-09-12,online
39580,8294970,2022-08-13,offline
39536,2407002,2020-03-25,online
39452,3320816,2021-11-22,online
39438,6397165,2022-08-11,offline
39428,106946,2023-01-14,offline
39408,9871721,2020-10-10,online
39286,3439255,2022-07-01,offline
39273,2471692,2021-10-16,offline
39253,8157735,2022-09-22,online
39252,6397165,2023-04-01,online
39224,8494844,2022-06-19,online
39155,5980316,2021-05-07,offline
39116,7757457,2023-04-28,online
39104,1757142,2022-12-29,offline
39101,5385017,2022-09-23,offline
39083,4104376,2020-08-26,offline
39081,8506018,2020-03-31,online
39076,2239595,2023-01-22,online
39072,4713578,2020-08-12,online
39048,4374148,2022-08-30,online
38969,4398096,2022-09-12,offline
38957,9517861,2021-01-23,offline
38902,455715,2020-01-15,offline
38880,7321157,2020-02-06,offline
38877,3669675,2021-05-10,offline
38813,3896175,2023-02-04,online
38758,3352639,2022-11-24,offline
38694,8542490,2022-12-28,online
38684,6520695,2021-10-13,offline
38681,8343389,2020-12-13,online
38679,4775564,2021-10-14,online
38678,9586314,2023-02-10,online
38655,8912688,2021-03-09,offline
38603,7637780,2020-02-03,offline
38578,1388281,2020-08-07,online
38561,2407002,2021-04-17,online
38556,2407002,2023-01-18,offline
38545,950760,2022-11-25,online
38484,953082,2022-05-31,offline
38455,2968078,2022-08-31,online
38423,6615705,2020-08-16,offline
38372,2968078,2020-12-19,offline
38199,380443,2020-01-21,offline
38180,2437302,2021-05-19,online
38175,4631776,2021-05-14,online
38172,271207,2021-09-02,online
38167,8596601,2022-05-10,online
38135,2627693,2022-04-09,offline
38045,2565819,2022-01-18,offline
38023,6319082,2020-08-18,offline
38006,3656851,2021-04-07,online
38002,4374148,2022-02-16,offline
37942,9020769,2022-10-26,online
37895,2863917,2021-01-28,online
37813,2841676,2022-04-26,online
37792,3896308,2023-03-19,online
37772,400916,2021-04-14,offline
37748,7397121,2021-04-12,online
37661,2903945,2022-03-21,online
37593,9622792,2022-05-31,offline
37552,7244925,2020-02-19,online
37504,7253873,2022-10-10,offline
37488,3205971,2022-08-04,offline
37367,5875923,2020-06-21,offline
37364,2903945,2022-05-02,online
37243,2627864,2020-09-26,offline
37202,1908237,2020-06-18,offline
37127,1678715,2021-09-06,offline
37120,1860821,2020-03-02,online
37049,1291926,2021-07-19,offline
37039,9955675,2021-10-25,online
37002,4296424,2021-06-11,offline
36992,6173911,2020-09-16,offline
36988,3863105,2022-01-28,online
36816,8291592,2021-10-28,online
36803,4061505,2020-03-30,online
36760,1939578,2020-08-04,online
36759,7081465,2022-03-19,online
36739,4812043,2020-07-01,online
36733,2080808,2021-03-10,offline
36718,3656851,2022-06-14,offline
36712,6370195,2021-08-15,online
36661,4812043,2021-08-30,online
36648,7776169,2020-05-23,online
36580,6517519,2023-03-02,offline
36567,3591982,2021-07-13,offline
36554,5955589,2022-10-25,online
36550,9841596,2021-11-04,offline
36534,400916,2021-06-25,offline
36521,6520695,2023-02-07,online
36509,8157735,2020-05-06,offline
36498,2181414,2022-02-01,offline
36490,3097030,2022-07-31,online
36453,4948747,2022-04-21,online
36432,4296424,2020-07-08,offline
36414,8172912,2023-02-17,offline
36346,7946166,2020-08-11,offline
36082,8542490,2021-06-22,offline
36070,816871,2021-12-11,online
36011,6811586,2021-12-12,offline
35971,9156396,2022-05-26,offline
35924,4966258,2023-01-02,offline
35916,5199655,2020-03-20,online
35885,4773017,2020-07-17,online
35884,4565766,2021-04-09,offline
35849,5937818,2021-10-25,online
35834,1916207,2022-10-17,online
35788,3892795,2021-04-14,offline
35771,7757457,2020-06-08,online
35760,563853,2021-04-30,offline
35717,9484200,2021-01-27,offline
35613,6510939,2020-01-17,online
35609,6408200,2023-03-30,online
35583,2903945,2021-12-19,online
35442,5852935,2021-05-22,offline
35401,2912609,2021-04-02,online
35305,3363037,2021-07-01,online
35303,9671215,2020-01-02,online
35281,8433372,2022-05-02,online
35276,9941395,2023-04-25,online
35262,7751030,2022-10-23,online
35201,1334341,2022-08-23,offline
35147,8596601,2022-12-17,offline
35136,8190145,2022-07-14,offline
35077,4189625,2023-04-05,offline
35073,2962652,2021-08-20,online
35018,1768745,2021-08-28,offline
35001,4818421,2020-09-09,offline
34991,4189625,2022-02-15,offline
34895,1678715,2021-12-03,offline
34777,6319082,2020-07-07,online
34769,7862603,2022-05-04,online
34768,7664568,2021-05-22,offline
34756,7830975,2021-11-17,offline
34717,3097030,2021-06-12,offline
34711,4536632,2022-06-03,online
34702,5937818,2020-09-14,offline
34685,3699199,2023-01-24,online
34678,8793286,2020-11-25,online
34641,3704618,2020-05-07,offline
34576,4773017,2022-08-10,offline
34528,9444547,2021-08-24,online
34525,4748490,2022-11-01,offline
34330,2125342,2022-04-15,online
34302,1338867,2020-01-01,offline
34235,6922838,2020-08-12,online
34232,3896175,2021-06-12,online
34202,5202940,2020-01-01,online
34041,7522060,2021-12-02,offline
34030,7431085,2021-08-08,offline
34025,4617094,2022-04-06,offline
34000,9481903,2022-07-07,offline
33973,8294970,2023-03-05,online
33969,3896175,2022-04-29,online
33942,8264228,2022-09-04,online
33919,9090105,2021-04-03,online
33834,2962652,2020-05-11,offline
33816,9530444,2020-12-12,online
33799,3704618,2020-04-21,offline
33773,5031080,2020-12-13,online
33765,8979408,2022-05-20,offline
33738,1939578,2022-05-09,online
33627,5132474,2020-10-06,offline
33619,8887959,2022-03-26,offline
33606,3348290,2022-07-22,offline
33596,7013402,2020-04-26,offline
33591,8494844,2022-01-29,online
33566,4334962,2023-04-19,online
33561,2523079,2020-06-18,offline
33555,7486474,2022-12-09,online
33549,6510939,2023-04-18,online
33479,4683435,2021-07-10,offline
33378,1644687,2022-06-19,online
33363,5348771,2020-02-24,online
33351,4748490,2022-08-16,offline
33306,8760454,2022-08-05,offline
33255,2951321,2022-07-26,online
33226,4376295,2020-01-21,online
33221,7081465,2023-01-30,online
33219,8591362,2020-10-22,offline
33201,4374148,2022-07-05,online
33181,7637780,2023-02-26,offline
33180,581451,2021-07-08,offline
33101,5122784,2021-10-29,online
33052,4536683,2021-08-09,online
33035,1678715,2021-05-08,online
33019,581451,2022-09-19,offline
33017,8334540,2021-01-15,online
32986,8701726,2021-08-01,online
32978,1825752,2020-04-29,offline
32932,1338867,2021-06-21,offline
32918,4090948,2022-05-24,online
32862,2911210,2022-07-29,online
32763,288916,2022-09-09,offline
32732,6177237,2021-06-05,offline
32681,1838335,2022-11-29,online
32659,6177237,2021-10-30,online
32527,269301,2022-07-25,offline
32460,2215761,2021-11-14,online
32423,4536632,2020-05-25,online
32366,4812043,2022-02-20,online
32288,1759350,2023-02-02,online
32260,339581,2021-11-03,offline
32245,5761311,2022-04-21,online
32226,3232209,2023-01-20,online
32201,953082,2020-02-01,online
32171,6809972,2021-02-12,offline
32170,6173911,2020-01-05,online
32154,3237649,2023-03-03,online
32143,1436524,2022-04-21,online
32053,2911210,2022-08-28,offline
32050,3656851,2022-05-07,online
31981,6908036,2020-10-31,online
31960,9568232,2021-11-06,online
31910,6319082,2022-08-15,online
31858,9941395,2022-02-07,online
31837,2565819,2023-04-10,offline
31823,972383,2020-03-02,offline
31798,9156396,2021-11-29,offline
31783,2181414,2022-05-14,online
31767,3656851,2020-02-18,offline
31727,1644687,2021-12-03,offline
31709,263450,2021-09-19,offline
31662,6276862,2020-11-09,offline
31622,2565819,2022-10-01,online
31600,8157735,2020-10-18,offline
31599,6370195,2022-04-02,online
31528,3344608,2020-07-16,offline
31517,8790076,2020-01-16,online
31452,7081465,2022-01-26,offline
31424,1768745,2020-06-08,offline
31335,8545580,2022-01-25,offline
31230,3316103,2020-12-28,offline
31227,1469502,2020-03-16,offline
31219,8987261,2023-02-16,offline
31122,1939578,2020-01-12,offline
31098,3704618,2021-12-13,online
31043,2033294,2020-09-08,online
31031,8376874,2020-11-27,offline
30974,4683435,2020-08-20,offline
30966,6319082,2021-09-04,offline
30931,4631776,2020-08-10,online
30891,1928249,2021-05-20,offline
30853,4818421,2020-05-20,offline
30777,9399964,2021-01-24,online
30764,1788676,2022-01-16,offline
30763,380443,2020-03-23,online
30732,5202940,2021-07-12,online
30729,2122115,2022-10-13,offline
30707,4534342,2021-11-14,offline
30636,209740,2023-03-24,offline
30610,4947863,2021-05-16,offline
30555,1388281,2021-02-01,online
30538,816871,2021-03-11,online
30487,5893207,2021-05-23,online
30346,4498799,2022-12-08,online
30292,7375328,2021-09-23,online
30291,9450891,2022-04-26,offline
30254,9671215,2022-07-05,online
30253,5430901,2021-05-04,online
30242,1388281,2020-08-30,offline
30231,7964933,2022-07-01,online
30217,9517861,2022-07-20,offline
30197,9767097,2020-02-28,online
30165,9603222,2021-10-13,offline
30128,9603222,2020-03-05,offline
30119,1825752,2023-04-03,offline
30118,1156414,2021-06-29,offline
30087,9858259,2022-01-10,online
30075,9404247,2020-05-25,offline
30026,2740696,2022-03-10,offline
30015,3892795,2023-03-22,online
29997,4814995,2020-09-24,offline
29934,953082,2023-04-24,online
29931,6803453,2020-04-27,offline
29851,816871,2022-04-24,offline
29842,5852935,2021-05-11,online
29813,5907832,2022-07-20,offline
29795,2215761,2021-06-08,online
29763,4090948,2021-06-19,online
29669,2551848,2021-03-24,online
29661,2033294,2021-07-12,offline
29637,7776169,2022-01-19,online
29628,4964488,2022-04-09,offline
29576,4812339,2021-05-06,offline
29569,2911210,2022-02-15,online
29549,6139190,2020-12-08,online
29489,4296424,2022-04-06,offline
29484,3112132,2021-05-02,online
29474,5955589,2021-05-21,online
29393,8475573,2020-09-16,online
29334,4565766,2020-12-28,online
29325,1484345,2022-06-07,offline
29322,9517861,2021-04-20,offline
29276,4641043,2021-01-22,offline
29144,7244925,2021-06-03,online
29137,5025416,2020-10-03,online
29047,2125342,2022-12-26,offline
28936,3187735,2021-03-23,online
28874,9156814,2022-03-28,offline
28851,3320234,2020-06-29,online
28801,1086528,2022-09-17,online
28754,2498535,2022-09-02,offline
28740,2523079,2022-11-13,online
28647,9785684,2020-03-03,online
28599,4334962,2020-05-08,offline
28597,4814995,2021-10-29,offline
28584,4147806,2021-01-28,offline
28561,8064579,2020-07-09,offline
28535,2215761,2021-02-10,offline
28459,5761311,2022-05-31,online
28436,7830975,2020-11-29,offline
28425,1916207,2022-04-03,online
28414,3892795,2023-03-16,offline
28340,9978715,2020-03-23,online
28337,3197234,2022-06-26,offline
28331,7783672,2020-06-22,offline
28315,3508936,2022-10-23,online
28302,9525027,2020-05-12,online
28273,4966258,2020-07-30,online
28254,7431085,2022-08-20,offline
28249,6729940,2022-09-08,online
28238,3277864,2022-11-11,online
28229,8701726,2022-03-10,online
28192,3603634,2022-06-06,offline
28168,2968078,2020-01-22,offline
28166,2968078,2020-09-02,online
27982,4348302,2020-06-01,online
27981,1908237,2022-01-21,online
27939,3258133,2020-06-03,online
27901,6971132,2020-03-28,online
27814,9000964,2022-10-30,online
27790,9444547,2023-02-21,online
27777,4350633,2020-02-29,online
27754,3287460,2021-07-30,online
27728,1469502,2020-03-18,offline
27679,9858259,2020-03-09,online
27663,252143,2021-10-06,online
27649,7796294,2020-07-15,offline
27609,2239595,2021-10-29,online
27606,5893207,2023-01-15,offline
27561,1484345,2022-06-28,offline
27555,6929364,2022-02-03,online
27549,5277103,2021-07-22,online
27523,4104376,2021-09-04,online
27518,400916,2020-06-21,offline
27509,5980316,2022-07-17,offline
27415,6922838,2022-05-07,offline
27399,8903079,2020-06-05,online
27279,9863167,2022-10-05,online
27270,935381,2020-12-19,online
27268,1908237,2021-05-21,online
27236,8987261,2020-09-17,offline
27210,4429780,2022-03-31,offline
27186,6740090,2022-03-29,offline
27144,4376295,2021-10-29,online
27140,6319082,2022-07-21,offline
27049,5385017,2023-02-16,online
27045,7803392,2020-09-07,offline
27030,4964488,2020-07-07,online
27029,1928249,2021-02-21,offline
27028,4631776,2021-03-08,online
27019,8790076,2020-12-07,offline
26995,9517861,2021-06-18,online
26989,2250569,2020-02-09,offline
26984,3097030,2021-03-30,online
26871,9863167,2020-06-05,offline
26833,4713578,2020-05-08,offline
26803,3287460,2022-04-19,offline
26789,1860821,2021-10-31,online
26653,161844,2020-05-03,online
26620,9058381,2020-08-08,online
26572,2471692,2022-09-10,online
26566,7253873,2021-04-08,online
26535,9020769,2022-11-16,online
26475,7757457,2022-02-25,online
26468,948334,2021-03-11,offline
26461,4947863,2023-03-12,offline
26408,4378452,2022-06-10,offline
26289,209740,2020-12-10,offline
26284,8157735,2023-03-21,offline
26274,6583379,2020-02-03,offline
26273,3352639,2020-02-27,offline
26252,8016267,2022-09-13,offline
26225,1559089,2022-12-02,offline
26194,9481903,2023-04-10,online
26185,7728365,2020-09-23,online
26165,9168167,2023-03-14,online
26143,2239595,2020-07-18,online
26125,6086732,2022-08-05,online
26063,983084,2022-10-09,online
26043,2863917,2020-04-17,offline
26011,45933,2020-10-15,offline
26004,2130937,2020-01-22,offline
25990,9589575,2021-04-22,online
25987,6075539,2022-04-17,offline
25966,5287635,2020-04-27,online
25963,8291592,2023-01-20,offline
25907,7000636,2021-04-18,offline
25901,935381,2020-11-14,offline
25822,1432858,2020-11-21,offline
25811,2840310,2020-03-15,offline
25768,7728365,2022-04-21,offline
25757,3363037,2020-09-05,online
25746,5852935,2021-08-18,offline
25724,9168167,2021-04-08,online
25469,6139190,2021-02-23,online
25407,2471692,2022-09-17,online
25395,7431664,2022-03-28,online
25318,6177237,2022-09-16,offline
25305,5932958,2021-07-12,online
25289,7864358,2022-03-26,offline
25276,2649465,2022-07-20,online
25274,7796294,2021-10-23,offline
25235,935381,2020-04-20,offline
25230,2839353,2022-11-30,offline
25169,4429780,2023-03-28,online
25164,7108795,2022-01-16,offline
25127,8211030,2020-01-17,offline
25111,5678004,2021-08-12,online
25031,4713578,2022-05-15,online
25011,1034078,2020-03-03,offline
25000,2903945,2022-03-17,online
24996,3344608,2021-04-29,offline
24970,9978715,2023-01-17,offline
24911,4812043,2022-10-19,offline
24909,4834931,2022-01-24,offline
24892,7081465,2022-01-26,online
24821,9511373,2021-04-22,online
24806,6118259,2021-01-27,offline
24792,2951321,2020-02-21,online
24720,4738182,2021-10-09,offline
24710,4906435,2020-04-29,offline
24684,3097030,2021-05-17,online
24679,4645602,2023-03-03,offline
24676,2654849,2022-08-22,offline
24603,8343389,2022-07-06,offline
24594,4775564,2022-10-24,online
24543,9785684,2022-05-26,online
24533,8857342,2020-02-09,online
24511,9498683,2023-04-05,offline
24475,8494844,2021-09-27,offline
24408,2576384,2020-08-30,offline
24378,4104376,2021-01-05,online
24356,271207,2020-01-22,offline
24335,8131696,2021-06-19,online
24301,7174299,2020-12-25,offline
24281,3603634,2021-04-08,online
24212,8887959,2022-03-18,online
24141,4948747,2021-06-05,online
24052,7299432,2020-06-23,offline
24043,7664568,2020-05-14,online
24004,2466608,2020-06-22,online
23950,3730827,2022-03-29,offline
23859,9767097,2022-07-11,online
23821,6286907,2021-07-14,offline
23791,8494844,2022-03-10,online
23757,8475573,2022-02-19,online
23726,91618,2021-09-05,online
23717,8433372,2021-07-25,offline
23685,404164,2022-09-25,offline
23655,5126609,2021-11-06,offline
23636,4398096,2022-02-15,online
23611,2239595,2022-06-05,online
23602,9481903,2022-01-01,offline
23597,6358354,2020-01-24,online
23593,6809972,2021-07-31,online
23557,3363037,2021-11-30,online
23479,2130937,2022-03-08,offline
23394,3863105,2020-12-30,offline
23356,9863167,2020-04-12,offline
23337,7253873,2021-10-22,online
23317,5178045,2020-09-28,online
23310,948334,2023-04-03,online
23239,161844,2022-11-24,offline
23178,2522296,2023-04-01,online
23172,9399964,2021-11-24,online
23148,8494844,2021-11-17,offline
23124,1838335,2022-06-20,online
23116,3933211,2021-05-22,online
23103,9767097,2020-10-11,offline
23102,2546847,2021-10-29,offline
22945,5955589,2021-08-09,offline
22938,4104376,2023-01-30,online
22897,6239636,2022-07-02,offline
22866,2073967,2021-01-07,offline
22865,7431085,2021-01-07,offline
22861,9671215,2022-10-17,online
22853,113347,2021-09-03,offline
22846,3112132,2020-10-06,offline
22841,2140545,2021-12-17,online
22838,288916,2021-01-05,online
22832,865084,2022-02-02,online
22794,2523079,2021-10-28,online
22793,7757457,2021-03-13,offline
22769,865084,2021-08-02,offline
22768,1388281,2022-12-13,offline
22687,9983236,2022-04-21,offline
22674,106946,2022-02-19,online
22628,9970004,2020-11-17,online
22566,9955675,2020-05-27,online
22545,4147721,2022-11-16,offline
22534,3187128,2021-11-01,offline
22507,2080808,2021-10-23,online
22500,6086732,2022-03-05,online
22481,1436524,2022-08-26,online
22457,3187735,2020-12-06,offline
22453,4748490,2023-01-19,offline
22449,6239636,2020-02-10,online
22425,4376295,2021-03-10,online
22376,2546847,2022-09-11,offline
22344,269301,2021-05-29,offline
22334,339581,2022-05-21,offline
22327,161844,2020-07-31,online
22305,4378452,2021-06-03,offline
22296,1825752,2020-07-03,offline
22291,4997613,2023-03-01,online
22280,4773017,2021-09-28,offline
22263,4200162,2020-05-14,online
22239,3340564,2023-02-09,online
22211,3187735,2021-07-17,offline
22207,2227895,2021-06-04,online
22197,8343389,2022-04-02,online
22194,6809972,2021-04-04,offline
22180,2733795,2022-02-23,online
22173,1484345,2022-02-07,offline
22159,2130937,2021-11-02,offline
22138,1322312,2022-06-12,offline
22108,5937818,2020-11-23,offline
22094,4429780,2021-09-21,online
22092,7199090,2022-09-13,offline
22088,4376295,2021-09-04,offline
22063,1484345,2020-12-25,offline
22012,3973617,2021-07-12,offline
21849,2911210,2023-04-25,offline
21806,9450891,2021-03-28,online
21804,3163123,2020-11-07,offline
21661,4683435,2020-04-11,online
21657,9785684,2020-07-13,online
21563,4498799,2020-05-19,offline
21539,6370195,2022-05-26,online
21532,7146160,2023-04-16,offline
21518,9481903,2022-10-21,online
21494,2523079,2021-01-14,offline
21398,1469502,2022-10-22,offline
21387,8940788,2023-01-08,offline
21334,3318448,2023-04-30,online
21266,6080668,2020-07-25,online
21230,8903079,2022-11-17,online
21210,9484200,2022-10-22,online
21196,113347,2021-07-11,offline
21194,8545580,2021-10-18,online
21164,3223560,2020-02-25,online
21033,323076,2022-04-06,online
21001,398880,2020-01-27,online
20964,6908036,2022-09-17,online
20945,1125364,2022-06-28,offline
20936,7946166,2021-10-12,offline
20884,4906435,2021-10-14,offline
20849,4498799,2022-08-30,online
20848,4296424,2022-12-10,online
20835,6071307,2020-07-20,offline
20798,4378452,2021-02-13,online
20761,8828130,2022-03-02,online
20740,7964933,2020-02-28,offline
20724,9599952,2020-07-12,online
20691,9552296,2022-06-06,online
20681,687924,2022-04-07,online
20673,6858906,2021-09-26,online
20595,9586314,2022-08-28,online
20591,5202940,2022-03-23,online
20537,8828130,2020-09-06,offline
20535,7321157,2023-03-22,offline
20438,3581230,2021-10-30,online
20435,6888217,2022-09-18,offline
20371,8064579,2022-10-22,online
20363,9399964,2023-03-07,online
20340,2839353,2022-10-03,online
20319,9603222,2020-01-08,online
20228,4909710,2021-07-06,offline
20194,7146160,2020-05-22,offline
20173,9955675,2023-04-03,online
20118,8852823,2021-12-31,offline
20109,2140545,2022-11-12,offline
20094,1291926,2021-10-07,online
20087,380443,2022-12-08,offline
20063,8376874,2021-04-05,online
20040,2102900,2023-01-07,online
20015,9983236,2020-01-21,offline
19974,9090105,2021-11-07,offline
19972,2250569,2022-05-05,offline
19936,8765352,2023-04-06,offline
19930,9586314,2021-11-23,offline
19926,3591982,2022-10-07,online
19924,4534342,2021-12-22,offline
19817,4147721,2020-12-16,online
19788,4630878,2021-11-17,offline
19782,9599952,2020-06-15,offline
19576,2033294,2021-04-09,online
19568,7946166,2022-08-04,offline
19394,2929238,2020-05-21,online
19354,3237649,2021-05-30,online
19349,2769270,2022-03-22,online
19340,6118259,2020-12-09,online
19314,9970004,2022-05-30,offline
19286,8433372,2022-07-27,online
19218,269301,2021-01-02,offline
19175,3197234,2020-06-30,online
19172,106946,2022-01-19,offline
19112,3258133,2022-05-20,offline
19044,5603214,2022-02-08,offline
19029,2962652,2020-03-02,online
19024,9849164,2020-05-18,online
19003,816871,2023-03-31,offline
18994,8343389,2021-09-08,online
18988,7321157,2021-04-23,online
18956,9785684,2020-01-05,online
18839,9484200,2021-01-08,online
18834,8828130,2020-02-21,online
18828,7796294,2021-12-10,online
18809,1698098,2020-11-12,offline
18741,6550808,2020-03-27,offline
18703,8760454,2023-01-19,offline
18659,8788924,2022-02-08,offline
18648,1757142,2020-06-09,offline
18644,7862603,2021-08-12,online
18637,4909710,2020-11-06,offline
18530,6109375,2020-06-07,offline
18520,4906435,2021-05-04,online
18496,1336205,2022-07-07,online
18493,4141232,2022-02-11,offline
18465,5186556,2020-11-27,online
18458,449278,2020-02-17,offline
18436,517697,2022-12-11,offline
18426,8828130,2020-01-02,online
18406,323076,2022-04-05,offline
18364,5761311,2020-11-25,offline
18343,9168167,2021-09-15,offline
18320,3699199,2023-03-01,online
18299,5031080,2021-01-02,offline
18188,2841676,2021-12-06,online
18162,4951223,2020-08-19,offline
18097,8542490,2023-02-05,offline
18048,3237649,2022-12-19,online
18031,5678004,2022-11-01,offline
17972,2365208,2020-08-03,offline
17964,1336205,2022-05-14,online
17920,4748490,2021-07-28,offline
17909,3320234,2020-02-25,online
17872,2365208,2021-05-16,online
17782,1484345,2020-02-05,offline
17716,3187128,2021-07-11,online
17713,5980316,2022-04-18,offline
17677,3197234,2022-10-02,online
17638,3277864,2020-10-04,offline
17574,8343389,2023-02-04,offline
17514,8591362,2022-03-31,offline
17476,7830975,2021-01-07,offline
17423,9599952,2022-02-08,offline
17389,3344608,2020-09-14,offline
17381,5202940,2020-06-20,online
17377,1908237,2023-04-17,online
17362,4200162,2021-10-16,online
17306,9841663,2022-09-25,offline
17305,2794874,2021-02-11,offline
17287,4659372,2020-11-20,online
17252,8542490,2021-12-13,offline
17228,3892795,2020-07-30,online
17198,6517519,2022-03-11,offline
17123,3348290,2020-01-18,offline
17023,3163123,2020-01-10,online
16968,1432858,2021-06-01,offline
16953,4180347,2021-06-19,offline
16898,9525027,2022-12-02,offline
16852,3488569,2021-03-09,online
16837,7000636,2020-07-29,online
16803,4909710,2021-06-18,offline
16790,327660,2021-09-13,offline
16758,7776169,2022-04-10,online
16730,9949746,2020-07-15,online
16715,3287460,2020-04-20,offline
16675,7964933,2020-11-06,online
16669,207098,2022-02-10,offline
16658,9444547,2021-05-28,offline
16610,9871721,2022-11-03,offline
16587,8190145,2020-12-14,online
16558,3423229,2021-09-24,offline
16550,7601333,2021-02-12,online
16525,4814995,2021-06-15,online
16515,7946166,2020-01-02,offline
16493,7601333,2020-12-01,offline
16417,7000636,2021-03-19,offline
16340,6118259,2020-02-21,offline
16299,2437302,2020-09-21,offline
16290,1436524,2020-11-03,online
16275,5511796,2021-06-14,online
16237,4948747,2021-09-28,online
16179,1388281,2021-07-12,offline
16146,9841596,2022-02-25,online
16082,4748490,2022-08-08,online
16081,4147721,2022-11-15,offline
16053,7174299,2021-05-06,offline
16018,7431085,2023-04-24,offline
16001,5875923,2021-06-21,online
15891,5908034,2020-07-12,online
15843,8291592,2021-07-04,offline
15834,1089729,2022-07-12,offline
15789,687924,2022-11-23,offline
15733,4090948,2020-07-13,offline
15660,3656857,2023-04-06,online
15651,1220217,2021-08-17,online
15639,4161982,2022-04-24,online
15619,2073967,2023-04-20,online
15556,1587527,2021-09-06,online
15515,7013402,2022-09-20,online
15470,380443,2021-11-22,online
15436,9629081,2020-09-09,offline
15395,1436524,2020-05-31,offline
15360,1678715,2023-03-23,offline
15291,4713578,2020-12-02,online
15258,327660,2021-06-13,online
15232,581451,2020-05-24,offline
15224,2130937,2022-02-15,online
15214,1587527,2022-10-17,online
15192,4147806,2022-12-13,online
15079,8686227,2022-08-27,online
14996,4494818,2020-11-15,online
14961,4773017,2022-11-24,offline
14950,3197234,2021-03-21,offline
14915,6075539,2022-05-06,online
14899,3210571,2023-04-10,online
14837,3318448,2020-11-21,online
14814,1432858,2020-07-12,online
14779,1644687,2020-01-13,online
14626,2903945,2021-12-12,online
14624,7397121,2022-06-27,offline
14623,3287460,2022-10-17,offline
14589,6173911,2020-09-22,online
14516,2227895,2021-09-30,offline
14489,8042250,2021-01-09,online
14476,8596601,2020-01-28,offline
14470,7796294,2022-04-22,offline
14452,5937818,2022-11-21,offline
14422,5025416,2022-04-21,online
14392,5132474,2021-02-05,online
14385,2733795,2021-02-11,online
14277,3896308,2022-05-28,online
14230,5635923,2020-09-04,online
14194,712982,2020-03-03,offline
14178,7147379,2022-01-21,offline
14168,7382995,2022-05-13,online
14151,8701726,2022-06-11,online
14150,6286907,2020-09-17,online
14041,4808420,2022-06-04,online
14036,5031080,2022-11-23,offline
13935,4494818,2021-11-24,offline
13930,400916,2020-02-04,online
13877,7352391,2022-04-07,offline
13832,4037291,2022-03-24,online
13806,3669675,2021-06-18,offline
13802,5603214,2022-12-04,offline
13799,6139190,2023-01-16,online
13780,3197234,2022-11-01,offline
13769,3603634,2021-02-25,online
13747,8852823,2020-06-10,offline
13708,7130090,2023-02-23,online
13666,5132474,2022-01-27,online
13630,5603214,2020-08-21,online
13599,5348771,2023-03-22,offline
13580,5327818,2021-04-25,offline
13459,8376874,2020-04-01,online
13457,4909710,2020-04-19,online
13424,6080668,2020-08-02,offline
13408,8857342,2022-10-17,offline
13329,2794874,2021-10-17,offline
13310,2654849,2020-10-10,online
13300,2839353,2021-11-18,online
13271,7571024,2022-10-23,offline
13269,4090948,2021-09-21,offline
13155,5327818,2020-03-23,online
13134,4631776,2021-06-18,online
13119,9963365,2020-09-17,offline
13042,6071307,2020-08-03,offline
13029,7486474,2022-11-14,online
13006,1105318,2023-04-04,offline
12850,161844,2020-10-01,offline
12820,7751030,2020-09-10,online
12816,8112662,2022-05-14,online
12783,4374148,2022-08-26,online
12687,5533413,2020-02-13,online
12666,3210571,2020-12-29,online
12662,4641043,2022-04-25,offline
12635,9450891,2020-09-05,offline
12574,4037291,2022-03-29,offline
12568,9767097,2021-05-21,online
12453,9020769,2020-06-20,offline
12404,7830975,2022-04-13,offline
12335,2863917,2020-01-27,offline
12295,4061505,2022-03-14,online
12243,9058381,2022-06-25,offline
12229,4438991,2021-12-28,offline
12189,4296424,2020-12-22,online
12183,398880,2021-09-03,offline
12171,6118259,2020-02-19,online
12162,7381334,2020-05-25,online
12117,4951223,2021-01-04,offline
12113,950760,2020-10-30,offline
12106,4536632,2020-05-19,offline
12104,1432858,2020-11-18,online
12099,8647292,2020-04-14,offline
12073,1072587,2021-10-17,offline
12055,1698098,2022-09-30,online
12053,6729940,2021-07-15,online
12050,553536,2023-01-24,offline
12027,2365208,2023-03-21,offline
12021,6239636,2022-12-20,online
12011,3896175,2023-03-10,online
12004,6680512,2022-07-27,offline
11888,2102900,2021-02-06,online
11782,6319082,2021-03-11,offline
11779,5355222,2020-05-08,online
11561,2456567,2022-08-07,online
11503,5287635,2020-02-11,online
11422,3581230,2020-12-15,offline
11419,5070558,2021-04-05,online
11383,9168167,2022-10-11,offline
11354,818921,2021-12-01,online
11311,1788676,2022-02-03,online
11283,404164,2022-03-08,offline
11266,4104376,2022-07-04,online
11215,400916,2020-05-16,offline
11207,6350976,2020-11-05,offline
11199,3581230,2020-07-08,online
11176,5678004,2022-05-29,offline
11016,5327818,2020-04-30,offline
10894,9156396,2022-05-14,online
10860,5955589,2022-11-14,offline
10801,1291926,2022-11-20,offline
10786,1388281,2023-04-20,online
10751,4147721,2022-02-17,online
10736,4374148,2020-12-05,offline
10723,948334,2020-11-17,offline
10703,3344608,2020-01-08,offline
10679,4713578,2022-08-05,online
10663,7637780,2021-06-12,online
10646,4812043,2020-09-09,online
10642,6177237,2021-04-16,offline
10617,2522296,2020-12-16,online
10558,1388281,2020-09-11,online
10537,400916,2021-03-11,online
10531,8591362,2022-08-26,offline
10506,7528079,2023-04-03,offline
10503,6739793,2023-03-06,offline
10495,327660,2021-06-17,online
10486,972383,2022-10-12,online
10421,7796294,2020-07-07,online
10389,9863167,2022-05-20,offline
10382,3320816,2021-07-08,offline
10368,1125538,2021-05-24,online
10366,9530444,2020-11-05,online
10260,5533413,2020-12-09,offline
10207,1788676,2023-03-11,offline
10149,6615705,2020-10-08,online
10144,9266330,2022-06-16,offline
10046,2733795,2021-03-17,online
10030,2363205,2021-02-10,online
10014,6922838,2023-04-22,offline
10002,9978715,2020-03-09,offline
9976,9517861,2022-02-23,offline
9948,113347,2022-10-21,offline
9940,207098,2020-04-14,offline
9921,948334,2021-05-25,offline
9881,7108795,2021-06-18,online
9874,8686227,2020-06-06,online
9863,2516946,2022-03-24,offline
9787,4645602,2020-09-26,offline
9710,7431664,2021-09-26,online
9703,1947571,2022-09-15,online
9672,5955822,2021-09-11,online
9661,4966258,2022-07-23,offline
9633,7130090,2020-07-18,online
9627,1746162,2021-04-18,offline
9577,2551848,2022-04-02,offline
9575,6397165,2020-04-12,offline
9558,8596601,2020-06-02,online
9529,2363205,2023-04-16,online
9489,9156814,2022-02-10,online
9488,9599952,2021-11-16,offline
9486,1082513,2023-01-25,online
9453,7108795,2020-12-26,offline
9407,7862603,2022-11-12,offline
9379,9481903,2021-02-02,offline
9239,1484345,2023-03-06,online
9232,6145504,2023-03-01,online
9180,207098,2022-06-02,online
9149,7253873,2022-03-29,offline
9138,3439255,2021-03-14,online
9125,6615705,2022-02-25,offline
9114,4244509,2020-12-15,online
9081,6371316,2021-01-29,offline
9072,2962652,2021-11-09,online
8979,5132474,2021-11-05,online
8924,2740696,2020-07-06,online
8917,4536632,2022-08-03,online
8894,4564013,2020-10-04,online
8819,1034078,2022-07-19,offline
8767,1220217,2023-02-27,offline
8764,455715,2020-10-03,offline
8728,2996899,2021-03-21,online
8696,8264228,2021-06-21,offline
8686,4966258,2022-10-07,online
8645,4964488,2021-09-20,online
8609,1436524,2023-03-28,offline
8563,8064579,2023-03-01,online
8510,7776169,2021-11-10,online
8509,2033294,2022-12-06,online
8504,9841596,2021-11-07,offline
8488,983084,2021-02-17,online
8441,1825752,2021-09-01,online
8436,7751030,2020-12-18,online
8407,4161982,2021-09-26,online
8261,6080668,2022-02-02,offline
8243,3318448,2022-03-21,online
8189,4947863,2021-10-17,online
8105,1825752,2023-04-07,online
8063,3730827,2022-02-08,offline
7974,6922838,2020-03-13,online
7971,6922838,2020-02-04,offline
7968,3656857,2020-02-01,online
7967,712982,2021-08-13,online
7953,2769270,2021-01-16,offline
7949,2733795,2022-12-14,offline
7902,5980316,2021-04-16,offline
7851,4812339,2022-09-16,online
7833,1125538,2020-08-27,online
7832,4963142,2022-04-27,online
7786,7253873,2021-05-30,online
7778,9963365,2021-12-03,offline
7695,5430901,2020-03-20,online
7631,687924,2021-09-10,online
7624,2039915,2020-07-03,online
7619,7571024,2020-12-29,offline
7558,9022356,2023-02-27,online
7513,2466608,2020-05-23,online
7506,4348302,2020-03-14,offline
7480,1947571,2022-07-19,online
7412,400916,2021-08-13,offline
7326,3258133,2021-12-24,offline
7311,9851599,2021-02-17,offline
7218,8788924,2020-01-12,online
7200,5937818,2023-03-14,online
7179,581451,2022-03-31,online
7099,8131696,2020-07-22,online
7078,7728365,2020-04-13,offline
7073,9279399,2021-12-26,offline
7061,2903945,2020-12-08,online
7020,7108795,2022-06-12,online
7017,5327818,2023-04-14,offline
7016,2911210,2020-11-01,online
7009,8064579,2021-03-24,offline
6957,8852823,2021-08-29,offline
6941,8701726,2022-12-27,offline
6934,5678004,2020-10-08,offline
6913,9058381,2022-11-12,online
6912,1072587,2023-03-25,offline
6885,3232209,2023-02-10,offline
6849,8294970,2020-07-02,offline
6837,8912688,2022-05-23,offline
6795,687924,2020-05-10,offline
6776,1678715,2020-04-21,online
6738,4617094,2021-12-20,online
6716,7130090,2020-09-24,offline
6715,3112132,2021-12-30,online
6666,8545580,2021-08-31,offline
6643,2565819,2021-12-15,offline
6640,4104890,2020-02-02,online
6600,9859117,2022-07-17,online
6587,4036724,2021-12-06,online
6516,5755341,2022-06-23,offline
6510,6680512,2020-07-14,offline
6454,4147721,2020-05-11,offline
6451,5755341,2020-08-21,offline
6375,5875923,2020-04-03,online
6322,7299432,2021-11-17,offline
6312,4494818,2022-10-31,online
6290,4617094,2021-03-18,online
6288,9420024,2021-06-17,online
6276,5755341,2020-07-23,offline
6268,3344608,2020-03-10,offline
6214,6811586,2022-04-11,online
6196,1908237,2020-07-10,offline
6179,3187735,2021-04-19,online
6169,8513493,2021-02-27,offline
6148,2067146,2020-04-11,offline
6108,9586314,2020-10-06,online
6079,4438991,2020-11-05,online
6039,5635923,2020-07-21,online
6034,6173911,2023-01-12,offline
6020,7601333,2022-06-21,online
6003,3892795,2023-04-13,online
5993,7864358,2023-04-15,offline
5941,209740,2022-11-24,offline
5877,8552253,2022-10-08,offline
5868,6408200,2021-08-08,offline
5811,8793286,2021-05-21,offline
5787,2546847,2020-06-19,offline
5728,8513493,2020-11-29,online
5719,8211030,2022-09-19,online
5710,3187128,2021-05-25,online
5673,2181414,2022-02-06,online
5665,8190145,2020-06-26,online
5614,3340564,2022-02-04,online
5591,517697,2023-02-22,offline
5561,6358354,2020-11-09,online
5490,8979408,2022-05-10,online
5486,2546847,2023-04-02,offline
5454,7664568,2020-09-06,online
5427,2239595,2021-02-10,offline
5424,2122115,2021-09-22,online
5386,6888217,2022-09-01,offline
5366,8211030,2020-07-13,offline
5351,2437302,2020-09-14,offline
5337,4687080,2021-06-02,online
5286,8852823,2021-10-12,offline
5273,7830975,2022-06-24,offline
5251,3316103,2020-12-28,online
5207,1916207,2022-08-08,offline
5191,7796294,2023-03-05,offline
5178,3488569,2020-05-03,online
5150,2498535,2020-12-08,offline
5148,4773017,2020-07-29,online
5139,7352391,2022-06-28,online
5128,2140545,2022-12-15,offline
5119,1860821,2022-12-06,online
5058,8190145,2023-01-28,online
5027,3656851,2023-01-01,online
4945,9020769,2021-06-06,online
4916,91618,2022-09-04,online
4908,4200162,2020-09-18,offline
4903,6371316,2023-01-23,offline
4875,9279399,2022-04-06,online
4853,9622792,2023-03-11,offline
4833,3210571,2020-12-28,offline
4798,2794874,2021-01-11,offline
4770,7796294,2021-06-19,offline
4703,7601333,2022-01-01,online
4687,8647292,2022-04-27,offline
4639,2471692,2021-07-21,offline
4626,2654849,2021-07-07,offline
4511,4161982,2020-03-20,offline
4505,712982,2022-11-06,offline
4365,5287635,2023-04-10,offline
4209,6139190,2022-01-25,online
4170,4104376,2021-10-10,offline
4166,4494818,2022-12-13,offline
4149,6408200,2023-01-03,online
4145,5070558,2021-09-20,online
4131,9622792,2022-01-23,offline
4035,8793286,2021-01-14,offline
4003,3508936,2021-09-27,offline
3984,9622792,2023-04-03,offline
3983,7522060,2020-12-12,offline
3906,517697,2021-02-26,online
3872,5348771,2023-04-09,offline
3852,3344608,2021-03-28,online
3839,4834931,2021-04-17,online
3836,4773017,2023-04-19,offline
3693,8979408,2021-01-02,online
3616,8765352,2020-11-06,offline
3603,4659372,2022-06-07,online
3559,288916,2022-11-21,online
3512,3847672,2023-03-04,online
3493,2039915,2022-04-19,online
3488,4348302,2022-07-26,offline
3459,2576384,2020-06-21,online
3414,816871,2020-03-30,offline
3341,1838335,2020-01-12,offline
3335,3973617,2020-06-01,online
3315,9358854,2023-03-24,offline
3294,4061505,2020-03-13,offline
3264,5025416,2020-04-19,offline
3235,5875923,2020-10-06,online
3166,6235073,2021-04-06,offline
2993,3205971,2022-04-08,online
2971,9530444,2021-10-24,offline
2909,2140545,2022-06-29,offline
2869,9859117,2021-01-19,online
2841,271207,2022-11-02,online
2811,8790076,2021-09-22,offline
2782,4713578,2021-01-14,online
2748,5603214,2022-04-08,online
2739,263450,2022-02-21,offline
2735,9450891,2023-01-18,offline
2705,6139190,2020-04-23,online
2702,436078,2020-10-29,offline
2557,8828130,2022-02-12,offline
2514,2140545,2023-03-22,offline
2433,1788676,2021-05-07,offline
2410,4334962,2021-06-18,online
2398,9599952,2022-03-27,online
2392,4348302,2020-01-31,offline
2390,712982,2021-09-14,online
2379,2962652,2020-10-26,offline
2344,8131696,2022-10-14,online
2187,5635923,2020-11-02,online
2145,1788676,2021-01-21,offline
2093,6235073,2021-07-22,offline
2057,8513493,2021-06-21,offline
2024,1436524,2021-08-25,online
2006,818921,2021-03-04,offline
1979,8294970,2021-08-08,online
1868,3164033,2022-05-01,offline
1857,1089729,2021-10-21,offline
1855,8912688,2021-10-30,online
1828,4376295,2020-03-24,offline
1696,8760454,2021-06-26,online
1694,6520695,2022-10-25,online
1634,7081465,2021-09-08,online
1618,1757142,2021-03-25,online
1585,3320234,2022-03-20,offline
1580,1388281,2022-06-10,offline
1502,1908237,2020-05-29,offline
1425,4536632,2021-05-16,offline
1384,2546847,2022-04-14,online
1298,4037291,2021-04-17,online
1291,5605913,2020-04-17,online
1268,7425572,2020-11-30,offline
1266,2239595,2020-06-29,online
1095,2471692,2022-08-19,offline
1055,789,2022-07-10,offline
999,7108795,2020-07-17,online
965,5533413,2022-11-27,online
932,4451659,2022-07-15,online
917,2740696,2021-02-10,offline
884,8211030,2021-02-05,offline
844,1083562,2023-04-17,online
823,6371316,2022-07-22,online
772,4812043,2020-07-08,offline
771,3363037,2022-10-06,offline
769,3744940,2020-06-16,offline
768,9858259,2021-05-24,online
758,2769270,2021-04-28,online
723,9171069,2021-04-12,online
703,5761311,2022-10-03,online
699,1291926,2021-05-03,offline
694,4200162,2022-05-18,offline
645,252143,2022-04-08,offline
636,2996899,2021-03-30,offline
635,6370195,2021-03-27,offline
396,4557282,2022-08-13,online
379,449278,2022-05-28,online
343,9058381,2021-07-21,online
325,1086528,2021-12-04,offline
297,1083562,2020-02-26,online
284,455715,2023-02-07,online
276,9525027,2022-06-26,online
237,7397121,2021-12-11,offline
184,7803392,2020-08-30,online
181,2181414,2020-04-22,offline
112,9565866,2023-04-11,online
109,4494818,2022-09-13,offline
105,8042250,2021-11-03,online
97,6080668,2021-04-23,online
87,553536,2020-02-26,online
